"category","subcategory","ID","Description","GeneRatio","BgRatio","RichFactor","FoldEnrichment","zScore","pvalue","p.adjust","qvalue","geneID","Count"
"Environmental Information Processing","Signaling molecules and interaction","hsa04080","Neuroactive ligand-receptor interaction","157/2057","371/9399",0.423180592991914,1.9336287766315,9.71165139849406,1.720174891687e-19,6.02061212090448e-17,4.38191919777108e-17,"799/6915/2696/5646/2556/153/10911/10886/9340/51083/1815/6344/1136/2568/623/11255/5020/680/2564/2862/3972/2906/1395/2692/2557/5024/887/796/2570/2740/222642/2690/2566/7433/2641/6869/84634/116444/1143/1268/2891/148/5340/5737/10888/1908/2914/5732/4987/2925/554/9002/79924/2847/8484/7425/1131/4922/2922/4544/3351/1144/1910/9568/1134/5746/185/90226/2569/2846/3358/8973/2796/133/2900/2555/2895/2911/6750/2695/5739/1141/79957/5745/2905/3060/6755/2565/2560/134/7349/2899/2912/4886/4889/3360/2898/552/89832/6866/5729/624/1128/2915/154/1816/1138/147/3814/2358/2357/117579/8862/59350/23566/10316/146/339403/3952/1139/797/255061/2902/2859/3355/3352/2918/1132/5021/1129/2837/53829/2567/8811/200959/2903/152/84109/5030/130574/387129/2563/22953/347148/257313/2917/728/4828/553/5644/2642/100506013/55879/151/5645/6753/2831",157
NA,NA,"hsa04082","Neuroactive ligand signaling","87/2057","199/9399",0.437185929648241,1.99762302030327,7.5288173743302,3.05138544635564e-12,5.33992453112237e-10,3.88650146325298e-10,"2556/153/1815/6507/1136/2775/2568/11255/5332/2564/6530/2906/6505/2557/5024/6539/2570/2566/6869/60482/116444/1143/2891/148/2914/4987/5582/2792/6538/1131/3351/9568/2774/6531/2569/3358/8973/9177/2900/2555/2911/114/1141/2905/6512/2565/2560/134/2899/2912/3360/2898/5579/89832/3359/6866/2786/1128/2915/154/64805/1816/147/146/112/1139/255061/2902/3355/246213/3352/2918/1132/1129/53829/2567/23236/200959/2903/152/5030/2563/22953/2917/6536/55879/151",87
"Human Diseases","Substance dependence","hsa05033","Nicotine addiction","26/2057","41/9399",0.634146341463415,2.89758943287051,6.44511004932699,1.17853094277486e-08,1.37495276657067e-06,1.00071750228602e-06,"2556/2568/2564/2906/2557/2570/2566/116444/2891/2569/8973/774/2555/1141/2905/2565/2560/89832/1139/2902/246213/2567/200959/2903/2563/55879",26
"Organismal Systems","Endocrine system","hsa03320","PPAR signaling pathway","36/2057","76/9399",0.473684210526316,2.1643937261725,5.3945657024714,7.09136879636663e-07,5.4921945830733e-05,3.99732658377064e-05,"30/2182/10998/5106/116519/345/28965/1962/33/6342/34/335/5105/81616/3158/11001/6258/123/2180/1376/2168/23305/2173/2171/364/5346/1581/8309/2172/2167/4973/4023/1582/9370/4312/1375",36
"Human Diseases","Immune disease","hsa05322","Systemic lupus erythematosus","57/2057","143/9399",0.398601398601399,1.82131966235029,5.23837085952663,7.84599226153328e-07,5.4921945830733e-05,3.99732658377064e-05,"732/729/730/735/8970/6628/3586/255626/731/8365/714/715/2215/3015/221613/713/92815/716/2903/653604/8338/8340/3014/8329/8969/128312/8356/2214/126961/440689/8341/3112/8370/8362/8342/8339/8355/8344/8348/8353/85235/8354/8345/8294/8331/8332/8367/3012/8360/8343/8335/8359/8336/8366/8357/8358/8352",57
"Organismal Systems","Nervous system","hsa04727","GABAergic synapse","40/2057","89/9399",0.449438202247191,2.05360703107504,5.28599197048924,9.72590949294982e-07,5.67344720422073e-05,4.12924578472606e-05,"2556/92745/779/2775/2568/2564/2557/6539/81539/2570/2566/2744/57468/5582/2792/2571/6538/54407/27165/2752/9568/23710/2569/774/775/2555/114/3763/2565/2560/5579/2786/10243/112/2567/18/200959/2563/6714/55879",40
"Environmental Information Processing","Signal transduction","hsa04020","Calcium signaling pathway","88/2057","254/9399",0.346456692913386,1.5830561286791,4.98612364917977,1.54395989832007e-06,7.71979949160035e-05,5.61862098336026e-05,"8913/6915/4843/3082/153/55283/816/27006/815/2249/779/3710/8911/623/4776/85366/5332/2906/5024/887/5159/7134/6869/84812/116444/6543/845/8074/148/5737/2925/5582/91860/1131/5156/1910/3706/1950/89869/2774/844/185/3358/774/775/814/2911/5137/114/9630/8822/2905/113026/9965/4486/3360/2277/5979/552/5579/89832/624/1128/2915/154/1816/163688/147/6588/146/4485/1139/8877/2902/810/5021/1129/23236/6546/2903/2248/22953/487/5154/553/777/6262/100507027",88
"Environmental Information Processing","Signaling molecules and interaction","hsa04512","ECM-receptor interaction","39/2057","89/9399",0.438202247191011,2.00226685529816,5.02841609170722,2.87402236743209e-06,0.000111767536511248,8.13465980021715e-05,"3675/3381/1298/3909/3161/51206/22798/3655/1311/1277/7450/1297/3910/7060/7143/6696/6385/3691/1284/3915/7057/22801/80144/1280/3680/341640/1758/56955/3673/1278/158326/7148/255743/2814/1282/1287/3914/1288/131873",39
"Organismal Systems","Immune system","hsa04610","Complement and coagulation cascades","39/2057","89/9399",0.438202247191011,2.00226685529816,5.02841609170722,2.87402236743209e-06,0.000111767536511248,8.13465980021715e-05,"732/729/1361/2160/623/2158/5054/7450/730/735/10878/5340/2162/5648/9002/5270/710/11326/731/714/715/3818/4153/5345/624/2266/2243/2244/713/2/7056/716/5627/2157/5265/728/5055/1378/3426",39
"Metabolism","Amino acid metabolism","hsa00280","Valine, leucine and isoleucine degradation","25/2057","48/9399",0.520833333333333,2.37983106465727,5.07277014778871,4.16958219396866e-06,0.000129140120492472,9.39907042381299e-05,"30/586/38/594/5019/259307/587/217/64902/1962/34/3155/4329/35/1892/3712/3158/219/1629/316/4594/54511/10449/18/36",25
"Organismal Systems","Digestive system","hsa04974","Protein digestion and absorption","43/2057","103/9399",0.41747572815534,1.90756167668062,4.90201210905507,4.2809300407305e-06,0.000129140120492472,9.39907042381299e-05,"5646/477/1298/1301/6550/50509/1361/1310/1357/23428/6505/1277/1297/4224/1294/3769/6543/1300/206358/81578/480/54407/1284/486/1280/4225/1295/1360/1358/1278/1504/440387/169044/255631/6546/1282/1287/84570/1288/1306/5644/131873/5645",43
"Organismal Systems","Immune system","hsa04613","Neutrophil extracellular trap formation","70/2057","195/9399",0.358974358974359,1.64025279533301,4.78198445559823,4.42766127402761e-06,0.000129140120492472,9.39907042381299e-05,"4353/5332/5296/7450/8970/5582/27180/7099/255626/5603/8365/23569/2215/79885/3015/820/221613/5579/5604/2358/2357/2266/2243/2244/566/6403/92815/23236/653604/8338/8340/5600/6300/3014/8329/8969/128312/6714/8356/728/1378/2214/126961/440689/8341/8370/8362/8342/8339/8355/8344/8348/8353/85235/8354/8345/8294/8331/8332/8367/3012/8360/8343/8335/8359/8336/8366/8357/8358/8352",70
"Metabolism","Lipid metabolism","hsa00071","Fatty acid degradation","23/2057","43/9399",0.534883720930233,2.44403115849453,5.02334911062615,5.60726094975477e-06,0.000150964717878013,0.000109875072861591,"30/2182/38/2639/217/1962/33/34/35/1892/81616/219/2180/1376/23305/10449/130/124/36/125/127/1375/126",23
"Metabolism","Metabolism of cofactors and vitamins","hsa00830","Retinol metabolism","31/2057","68/9399",0.455882352941176,2.08305213188824,4.74424817613573,1.11383747951671e-05,0.000278459369879178,0.000202668172964695,"8630/54905/50700/1592/1562/7365/6121/9227/54490/5959/1559/1558/316/8608/1544/1576/7364/130/10941/339761/124/125/1555/127/10720/54658/54576/54575/54577/126/1548",31
"Cellular Processes","Cell motility","hsa04820","Cytoskeleton in muscle cells","79/2057","233/9399",0.339055793991416,1.54923938149019,4.49342378240668,1.30081783537794e-05,0.000303524161588185,0.00022091081835892,"3675/8735/1634/477/2273/9172/1462/1298/1301/88/2192/50509/4606/3655/6445/7138/1311/2027/1277/6442/4619/4621/1297/7060/4001/7134/2274/270/7139/6385/4620/2318/7137/7136/23345/3691/480/4626/1837/1284/7057/22801/57159/81624/84467/127294/58/3680/27063/288/84033/56776/70/72/129446/10611/200539/29765/3673/1278/26287/255631/171024/6712/8557/84823/633/4703/1282/1287/4604/9260/1288/4624/7169/1756/131873/343263/4622",79
"Metabolism","Amino acid metabolism","hsa00380","Tryptophan metabolism","22/2057","42/9399",0.523809523809524,2.39343009931245,4.79037149056727,1.39622247505956e-05,0.000305423666419278,0.000222293315108166,"26/38/259307/2639/51166/217/1962/8564/64577/847/1892/7166/15/219/316/1544/6999/23498/883/55526/169355/11185",22
"Cellular Processes","Cell motility","hsa04814","Motor proteins","68/2057","194/9399",0.350515463917526,1.60160177217347,4.48152425810467,1.51268790147127e-05,0.000311435744420556,0.000226669023006841,"8735/23026/51175/113457/3835/24137/10382/147700/7138/8701/4619/4621/10112/7134/1768/23046/9928/7139/81930/1769/4620/83658/4430/7137/547/7136/7283/4626/84700/92558/9493/3832/1062/11004/58/112714/200132/3798/55567/1780/70/55083/72/56992/374654/4640/90990/4648/260334/283446/201625/64837/79861/127602/146909/347240/8632/124602/4624/7278/7169/285643/3833/10381/347688/4622/80022/80179",68
"Metabolism","Lipid metabolism","hsa00590","Arachidonic acid metabolism","29/2057","63/9399",0.46031746031746,2.10331736000185,4.65069630834264,1.68993578050129e-05,0.000328598623986361,0.000239160502269773,"5743/2687/50487/8605/5730/2053/5740/1571/1573/1559/1558/9536/874/283748/246/3248/1557/255189/5319/11145/247/284273/8398/8529/11283/391013/123745/8644/1555",29
"Metabolism","Amino acid metabolism","hsa00250","Alanine, aspartate and glutamate metabolism","20/2057","37/9399",0.540540540540541,2.46987872656322,4.74160884300176,1.86598850708526e-05,0.00034373472498939,0.000250176852473481,"1373/440/790/2346/259307/443/64902/2744/2805/2806/2571/445/27165/2752/2746/8659/80150/189/18/339983",20
"Metabolism","Carbohydrate metabolism","hsa00650","Butanoate metabolism","16/2057","27/9399",0.592592592592593,2.70771890023227,4.70337713156384,2.81072303802529e-05,0.000491876531654426,0.000357997355369537,"6296/38/5019/1962/3155/35/1892/2571/3158/54511/116285/142827/18/54988/123876/341392",16
"Metabolism","Lipid metabolism","hsa00591","Linoleic acid metabolism","17/2057","30/9399",0.566666666666667,2.58925619834711,4.6146163226721,3.52732364787254e-05,0.000587887274645423,0.000427875851020128,"50487/8605/1571/1573/1559/1558/1544/283748/1576/246/1557/255189/5319/11145/8398/391013/123745",17
"Metabolism","Xenobiotics biodegradation and metabolism","hsa00982","Drug metabolism - cytochrome P450","31/2057","73/9399",0.424657534246575,1.94037732833425,4.26917100079171,6.15229802136871e-05,0.000939989560829721,0.000684142778107647,"2328/2326/218/7365/1571/222/2944/2949/54490/1559/1558/316/1544/1576/1557/2941/7364/130/10941/124/125/1555/127/10720/54658/54576/54575/2939/54577/126/1548",31
"Organismal Systems","Endocrine system","hsa04911","Insulin secretion","35/2057","86/9399",0.406976744186047,1.85958892494149,4.23860466327098,6.17707425688102e-05,0.000939989560829721,0.000684142778107647,"6833/477/816/815/3781/779/3710/5332/3780/6804/2645/2740/2641/6513/5582/6616/480/1131/486/3651/3782/139760/775/114/90993/2695/6514/5579/27094/112/9699/23236/3767/6262/157855",35
"Organismal Systems","Digestive system","hsa04976","Bile secretion","36/2057","90/9399",0.4,1.82771025765678,4.17614676581479,7.50641995451885e-05,0.00107606012722237,0.000783177596354327,"1080/477/6550/6344/8671/3781/10998/6523/6554/343/760/6822/7365/28234/6513/10257/3949/8431/480/10599/54490/486/9376/114/1576/1581/7364/10941/112/6580/123264/10720/54658/54576/54575/54577",36
"Metabolism","Amino acid metabolism","hsa00350","Tyrosine metabolism","19/2057","37/9399",0.513513513513513,2.34638479023506,4.34323588204339,7.68614376587408e-05,0.00107606012722237,0.000783177596354327,"7299/2954/2184/259307/7306/218/2805/1621/2806/222/316/5409/130/7054/124/125/127/6898/126",19
"Organismal Systems","Endocrine system","hsa04929","GnRH secretion","28/2057","65/9399",0.430769230769231,1.96830335439961,4.14631117790514,0.000101997905799505,0.00137304873191642,0.000999331708642927,"8913/7224/3781/779/3710/610/8911/5332/3972/3780/5296/84634/6696/3762/5582/7223/9568/3782/57657/2796/775/3763/3765/5579/5604/3814/23236/3767",28
"Cellular Processes","Cell growth and death","hsa04110","Cell cycle","55/2057","158/9399",0.348101265822785,1.59057063561904,3.96249368977216,0.000118447938769338,0.00153543624330623,0.00111752051392514,"1870/1663/9319/4171/4175/27127/5933/10403/4998/23594/8318/990/8317/4616/4174/994/1869/4173/898/4172/7272/991/1031/9088/151648/10912/5111/1875/891/9700/4609/90381/890/113130/1030/1029/1111/701/9133/995/80174/993/4085/9232/7465/4176/5347/81620/699/983/157570/27085/9134/2810/9212",55
"Human Diseases","Substance dependence","hsa05034","Alcoholism","64/2057","191/9399",0.335078534031414,1.53106618442453,3.92473513349585,0.000124204115865411,0.00155255144831764,0.00112997729471539,"2775/2906/116444/8970/2354/2792/91860/84152/6531/255626/53358/814/90993/8365/2905/79885/3015/221613/2786/5604/163688/5569/2902/810/7054/92815/2903/653604/8338/8340/399694/3014/8329/8969/128312/8356/126961/440689/8341/8370/8362/8342/8339/8355/8344/8348/8353/85235/8354/8345/8294/8331/8332/8367/3012/8360/8343/8335/8359/8336/8366/8357/8358/8352",64
"Genetic Information Processing","Replication and repair","hsa03030","DNA replication","18/2057","36/9399",0.5,2.28463782207098,4.08744685571747,0.000184215271041827,0.00222328775395308,0.00161815229009518,"23649/5424/4171/4175/4174/5427/4173/10535/3978/4172/5111/5983/1763/5558/5984/4176/2237/5557",18
"Organismal Systems","Digestive system","hsa04978","Mineral absorption","26/2057","61/9399",0.426229508196721,1.94756011061788,3.9298179207039,0.000219868640788858,0.00256513414253668,0.00186695477441767,"477/6550/1811/7018/6523/3162/6543/140803/4495/4502/480/1317/486/55630/55503/4493/115019/6546/4501/4494/142680/4496/4489/4499/65010/645745",26
"Human Diseases","Infectious disease: parasitic","hsa05143","African trypanosomiasis","18/2057","37/9399",0.486486486486487,2.2228908539069,3.94486292108503,0.00028591890266791,0.00322811664302479,0.00234948639883308,"6401/8542/5332/3910/335/3553/5582/3569/3586/5579/3592/4615/23236/3040/169355/3039/54106/3043",18
"Organismal Systems","Sensory system","hsa04750","Inflammatory mediator regulation of TRP channels","37/2057","99/9399",0.373737373737374,1.70770907912376,3.74678321754988,0.000309579429222302,0.00329935994040216,0.00240133866339044,"3479/5606/816/815/55515/3710/623/5332/8605/5296/41/59341/5732/3553/5582/91860/1573/79054/3358/114/5603/283748/5579/624/255189/163688/112/810/23236/8398/5600/123745/6300/3556/6714/9311/51802",37
"Metabolism","Amino acid metabolism","hsa00220","Arginine biosynthesis","13/2057","23/9399",0.565217391304348,2.58263405973241,4.02219667527658,0.000311082508666489,0.00329935994040216,0.00240133866339044,"4843/1373/5009/384/790/2744/383/2805/2806/445/27165/2752/2746",13
"Metabolism","Xenobiotics biodegradation and metabolism","hsa00980","Metabolism of xenobiotics by cytochrome P450","31/2057","79/9399",0.392405063291139,1.79300689833418,3.74636623679032,0.000346819733113476,0.00357020313499166,0.00259846363509168,"27294/6822/218/7365/1571/222/2944/2949/54490/1559/1544/874/1576/22977/2941/7364/130/10941/124/125/1555/1572/127/10720/54658/54576/54575/2939/54577/126/1548",31
"Human Diseases","Cancer: overview","hsa05204","Chemical carcinogenesis - DNA adducts","28/2057","70/9399",0.4,1.82771025765678,3.67906522133102,0.000457418630496559,0.00457418630496559,0.00332918221293736,"64816/5743/6822/1562/7365/1571/2944/2949/54490/1559/1558/1544/1646/10/1576/1557/2941/7364/9/10941/6817/10720/54658/54576/54575/2939/54577/1548",28
"Organismal Systems","Nervous system","hsa04723","Retrograde endocannabinoid signaling","50/2057","149/9399",0.335570469798658,1.53331397454428,3.47322491451295,0.000630298826836765,0.00612790526091299,0.00446000924252916,"2556/5743/779/2775/2568/3710/5332/2564/2557/2570/2566/1268/2891/3762/5582/2792/747/2569/774/775/2555/2911/114/5603/3763/3765/2565/2560/57406/5579/2786/2915/112/246213/2567/23236/200959/5600/56901/51079/2563/6300/4541/4536/4540/4537/4538/4535/4539/55879",50
"Environmental Information Processing","Signaling molecules and interaction","hsa04060","Cytokine-cytokine receptor interaction","89/2057","298/9399",0.298657718120805,1.36464943734441,3.38584286388188,0.000665250707107914,0.00629291209426405,0.00458010444153955,"10344/920/3604/4804/2920/3568/3589/3560/655/268/6387/1440/6347/112744/653/2690/3977/6364/9173/8809/656/7292/8600/3624/3598/130399/3623/652/3553/27178/8744/970/8200/27190/55504/60401/6370/3572/269/3569/3586/3557/90865/658/29949/85480/9547/392255/4838/27302/3577/6374/5473/5196/1230/133396/285613/4982/3592/53342/2829/10803/3952/3626/1237/3579/6357/9966/282618/1436/1232/353500/9573/2826/3563/7293/8784/284340/3556/246778/386653/64109/8718/2658/2662/6368/6351/6359/6348",89
NA,NA,"hsa04081","Hormone signaling","68/2057","219/9399",0.310502283105023,1.41877051964225,3.31897891804426,0.000902029413533316,0.00830816565096475,0.00604684537604051,"799/2696/3479/153/1815/2984/2775/5744/2099/5332/5020/2862/3972/268/5296/57817/1395/2692/887/796/2740/2690/7433/2641/148/4879/4987/554/2792/2847/10267/269/658/53919/185/90226/6567/2796/114/9630/6750/2695/5745/3060/6755/7349/552/3481/2786/154/1816/147/146/112/3952/797/5021/9370/23236/152/2520/6714/2980/553/1734/2642/151/6753",68
"Metabolism","Metabolism of other amino acids","hsa00410","beta-Alanine metabolism","15/2057","31/9399",0.483870967741935,2.21093982781062,3.57443698686488,0.000980292902504349,0.00879750040709031,0.00640299277749129,"23417/218/217/1962/4329/35/1892/2571/222/219/339896/1807/84735/18/1806",15
"Metabolism","Amino acid metabolism","hsa00330","Arginine and proline metabolism","21/2057","50/9399",0.42,1.91909577053962,3.44898150883369,0.00109099041126309,0.00954616609855203,0.00694788630330704,"26/4843/8974/384/65263/1610/217/79814/383/2805/2806/1160/219/84735/8659/1152/2628/5831/1159/112817/58510",21
"Organismal Systems","Nervous system","hsa04724","Glutamatergic synapse","40/2057","116/9399",0.344827586206897,1.57561229108343,3.30173759158241,0.00117641834561511,0.0100425956332997,0.00730919742333394,"9454/6507/2775/3710/5332/2906/8605/6505/81539/2744/116444/2891/2914/5582/2792/54407/27165/2752/2900/775/2911/114/283748/2905/6512/2899/2912/2898/5579/2786/255189/2915/112/2902/246213/2918/23236/2903/123745/2917",40
"Organismal Systems","Excretory system","hsa04964","Proximal tubule bicarbonate reclamation","12/2057","23/9399",0.521739130434783,2.38396990129145,3.51730022580112,0.00137615096355398,0.0114679246962831,0.00834657977894893,"477/6550/8671/5106/760/2744/5105/480/27165/486/2746/762",12
"Organismal Systems","Circulatory system","hsa04261","Adrenergic signaling in cardiomyocytes","50/2057","154/9399",0.324675324675325,1.48353105329284,3.20227739245361,0.00143995687759311,0.011720579236223,0.00853046669222843,"477/153/816/782/815/5522/27092/779/5332/786/7134/6543/7139/148/91860/7137/64208/480/5502/6332/486/59283/185/775/114/5603/55799/90993/70/28227/784/154/163688/147/146/112/6330/810/3753/785/23236/6546/6331/5600/6300/487/4624/7169/6262/102723475",50
"Human Diseases","Infectious disease: parasitic","hsa05146","Amoebiasis","36/2057","103/9399",0.349514563106796,1.5970283804768,3.22472888151349,0.00154482445262363,0.012288376327688,0.00894372051518945,"4843/732/3909/2920/384/22798/5332/5296/3315/1277/3910/735/383/3553/5582/1284/3915/3569/3586/7099/2774/9630/731/912/1278/5579/3592/929/5272/23236/1282/1287/3914/1288/4583/6318",36
"Environmental Information Processing","Signal transduction","hsa04024","cAMP signaling pathway","68/2057","226/9399",0.300884955752212,1.37482630000731,3.01895232578844,0.00222436808197876,0.0173006406376125,0.0125917444640669,"1080/2696/477/153/816/815/779/610/5020/3972/268/2906/5296/5143/1395/2735/2740/2641/116444/2891/1908/10257/5732/6662/91860/7137/84152/64208/480/3351/9568/486/10021/139760/775/814/114/6750/90993/2695/2905/6755/134/4886/64399/3360/1128/5604/154/1816/163688/54714/2353/112/2902/3725/810/3355/3352/5021/1129/2903/487/27198/1259/6262/56670/5348",68
"Metabolism","Global and overview maps","hsa01200","Carbon metabolism","39/2057","116/9399",0.336206896551724,1.53622198380635,3.075793044714,0.00228258707248982,0.0173675103341617,0.0126404135364425,"8277/1373/5214/5315/38/26227/54363/2645/2027/64902/51179/4329/2805/847/35/2806/1892/9104/29968/229/275/4594/5723/414328/2746/26007/226/80201/3099/2539/3101/7086/2203/5232/8801/189/6470/283871/55753",39
"Human Diseases","Substance dependence","hsa05032","Morphine addiction","32/2057","91/9399",0.351648351648352,1.60677824848948,3.07857819457752,0.00245668547138222,0.0182944662762505,0.013315070192038,"2556/2775/2568/2564/5143/2557/2570/2566/3762/5582/2792/50940/9568/2569/774/2555/5137/114/3763/3765/2565/2560/134/5579/2786/27115/112/2567/200959/5138/2563/55879",32
NA,NA,"hsa04518","Integrin signaling","49/2057","154/9399",0.318181818181818,1.45386043222699,3.00577799823227,0.00255893400282853,0.0186588937706247,0.01358030764659,"3675/3479/3082/3381/1298/3909/10979/22798/3655/55612/5296/1311/1277/7450/1297/3910/7060/5159/7143/6696/3691/5156/1284/3915/7057/22801/80144/1950/1280/3680/341640/1758/3681/3673/1278/158326/2277/7148/255743/2266/2243/2244/1282/1287/3914/6714/5154/1288/131873",49
NA,NA,"hsa04519","Cadherin signaling","112/2057","404/9399",0.277227722772277,1.2667298815443,2.90061071480501,0.00277045178466058,0.0197889413190041,0.0144027783434556,"10083/1951/2556/5606/1008/1496/28513/8463/7479/1015/1005/5317/56142/56113/7481/2568/2564/79838/7472/8777/25984/2557/11211/2570/56133/1007/56132/56130/2566/5159/51421/10297/7475/27253/56128/56126/3872/4430/84152/5156/3891/10518/51176/64403/1009/1012/1016/2569/117532/64405/65217/1006/2555/1010/89780/55740/7476/5603/375323/22808/54361/57216/2565/2560/117531/57526/1014/4640/147798/8313/5604/1501/3892/286887/79905/54474/283446/6330/56127/2535/259236/124590/2567/200959/29119/6331/5101/5600/338785/3859/375612/2563/6300/8326/79633/390792/56125/56114/9752/56140/56141/56143/56144/56146/3887/56097/56098/56145/56111/55879/57717/29964",112
"Human Diseases","Infectious disease: parasitic","hsa05144","Malaria","20/2057","50/9399",0.4,1.82771025765678,3.10604995130607,0.00286526047768872,0.0200568233438211,0.0145977481179089,"6401/3082/1311/1440/6347/975/7060/3553/3569/3586/7099/7057/3592/4615/6403/3040/1378/3039/54106/3043",20
"Metabolism","Carbohydrate metabolism","hsa00040","Pentose and glucuronate interconversions","16/2057","37/9399",0.432432432432432,1.97590298125057,3.14811699916829,0.00292280605773509,0.0200584729452408,0.01459894873007,"27294/7365/54490/6652/51181/7360/7364/10941/28970/57016/10720/441282/54658/54576/54575/54577",16
NA,NA,"hsa04981","Folate transport and metabolism","14/2057","31/9399",0.451612903225806,2.06354383928992,3.13935535771698,0.00325194528402123,0.0218880932578352,0.0159305821605898,"2346/4522/2348/2352/28234/10057/10257/10599/11309/635/9376/7298/6470/9356",14
"Metabolism","Global and overview maps","hsa01230","Biosynthesis of amino acids","27/2057","75/9399",0.36,1.6449392318911,2.96808252124527,0.00356168653000296,0.0234681895424233,0.0170806071256134,"8277/1373/5009/586/5214/5315/440/384/26227/65263/587/2027/383/2805/2806/445/29968/2752/229/5723/226/4143/7086/5232/6470/5831/102724560",27
"Organismal Systems","Nervous system","hsa04726","Serotonergic synapse","38/2057","115/9399",0.330434782608696,1.50984760415125,2.9117186837312,0.00362080638654531,0.0234681895424233,0.0170806071256134,"5743/3781/779/2775/3710/5332/8605/1562/1843/3762/5582/2792/7166/1573/3351/1559/1558/3358/774/9177/775/3763/283748/246/3765/2560/3360/1557/5579/3359/2786/255189/5604/3355/3352/247/23236/123745",38
"Metabolism","Amino acid metabolism","hsa00260","Glycine, serine and threonine metabolism","17/2057","41/9399",0.414634146341463,1.89457770610764,3.03840844793094,0.00373103078321249,0.0236441297322441,0.0172086598351972,"211/26227/1610/64902/1757/27232/29958/29968/9380/275/635/5723/212/2628/189/6470/102724560",17
"Organismal Systems","Sensory system","hsa04742","Taste transduction","30/2057","86/9399",0.348837209302326,1.59393336423557,2.92866584744846,0.00378306075715905,0.0236441297322441,0.0172086598351972,"2556/954/29850/3710/5332/2557/5024/50839/2914/50832/54429/1131/3351/9568/10021/9177/775/2555/2911/5137/114/3359/6340/112/80834/3355/3352/23236/5030/22953",30
"Metabolism","Carbohydrate metabolism","hsa00052","Galactose metabolism","14/2057","32/9399",0.4375,1.99905809431211,2.9963541847152,0.00463346838704663,0.0284511216748477,0.0207072825422952,"5214/5236/6476/2717/2645/2538/80201/3099/3101/7360/57016/441282/8972/93432",14
"Human Diseases","Cancer: overview","hsa05202","Transcriptional misregulation in cancer","60/2057","201/9399",0.298507462686567,1.36396287884834,2.76080729425228,0.00473813289889862,0.0285921812864572,0.0208099484851809,"3207/4353/3479/4804/6929/3205/4616/3560/51804/4318/2138/3195/7468/3398/8013/2322/1031/7849/6756/6495/10912/4613/5077/3569/4609/1848/9611/6258/890/3486/8091/4314/2308/7102/3248/6758/10214/6692/79058/929/171558/9915/2118/26471/1436/653604/7113/7490/8356/5154/126961/1668/3206/6759/8355/8353/8354/8357/8358/8352",60
"Metabolism","Energy metabolism","hsa00910","Nitrogen metabolism","9/2057","17/9399",0.529411764705882,2.4190282821928,3.09952735663619,0.00489295780355437,0.0290260208685429,0.0211257054140974,"1373/771/760/768/2752/2746/762/11238/767",9
"Metabolism","Lipid metabolism","hsa00561","Glycerolipid metabolism","24/2057","66/9399",0.363636363636364,1.66155477968798,2.8546628450253,0.00502360045876161,0.0293043360094427,0.0213282686143914,"56895/84649/9663/9388/2717/346606/217/219/84803/8612/26007/9162/8613/3990/80168/1056/4023/150763/57016/196051/441282/128966744/5408/139189",24
"Human Diseases","Cardiovascular disease","hsa05410","Hypertrophic cardiomyopathy","33/2057","99/9399",0.333333333333333,1.52309188138065,2.769375072622,0.00553202421546388,0.0317411225477436,0.0231018094933953,"3675/3479/782/27092/779/3655/6445/6442/786/7134/6543/7139/7137/3691/1837/3569/22801/59283/3680/775/55799/70/1636/5563/3673/784/785/6546/487/4624/7169/6262/1756",33
"Metabolism","Carbohydrate metabolism","hsa00500","Starch and sucrose metabolism","15/2057","36/9399",0.416666666666667,1.90386485172581,2.87590749914577,0.00596380542818033,0.0336666435461793,0.0245032413178207,"5236/6476/5834/2645/2998/11181/2538/80201/3099/3101/178/7360/57733/8972/93432",15
"Metabolism","Carbohydrate metabolism","hsa00010","Glycolysis / Gluconeogenesis","24/2057","67/9399",0.358208955223881,1.63675545461801,2.76853734636382,0.00623641789501381,0.0346467660834101,0.0252165936607075,"5214/5315/5236/5106/2645/2027/218/217/5105/2538/222/229/219/226/80201/3099/3101/2203/5232/130/124/125/127/126",24
"Human Diseases","Infectious disease: bacterial","hsa05133","Pertussis","27/2057","78/9399",0.346153846153846,1.58167233835683,2.73037396856912,0.00655606352407851,0.0356943430203853,0.0259790406343857,"4843/29108/3553/91860/3569/3586/7099/3394/710/23643/5603/714/715/6374/1073/3592/163688/2353/929/4615/713/3725/810/716/3654/5600/6300",27
"Organismal Systems","Digestive system","hsa04975","Fat digestion and absorption","17/2057","43/9399",0.395348837209302,1.80645781280031,2.80542363151735,0.00662894941807156,0.0356943430203853,0.0259790406343857,"84649/38/50487/346606/337/335/2806/1208/4547/8612/8613/2168/80168/1056/5319/391013/5408",17
"Human Diseases","Endocrine and metabolic disease","hsa04930","Type II diabetes mellitus","18/2057","47/9399",0.382978723404255,1.74993535307564,2.72802397884708,0.00776784227042104,0.0411931029492025,0.0299811456051338,"6833/8913/5315/5296/2645/8835/3651/774/775/80201/3099/3101/6514/9370/389692/9021/3767/777",18
"Metabolism","Metabolism of cofactors and vitamins","hsa00770","Pantothenate and CoA biosynthesis","10/2057","21/9399",0.476190476190476,2.1758455448295,2.85517338935325,0.00792764756313684,0.0414130842850432,0.0301412523217457,"586/587/217/8876/8875/219/339896/1807/53354/1806",10
"Organismal Systems","Circulatory system","hsa04260","Cardiac muscle contraction","29/2057","87/9399",0.333333333333333,1.52309188138065,2.59444099710783,0.00893781028212855,0.0460034352756617,0.0334821995089026,"477/782/27092/779/786/7134/6543/7139/845/7137/84701/480/486/59283/775/1339/55799/70/125965/784/170712/785/6546/487/4624/7169/6262/4519/4512",29
"Organismal Systems","Digestive system","hsa04972","Pancreatic secretion","33/2057","102/9399",0.323529411764706,1.47829506134004,2.57070500487306,0.00909959844788858,0.0461573834313189,0.0335942459861027,"1080/5646/477/6344/8671/1361/1811/1357/3710/50487/5332/760/9545/5582/480/1131/486/1360/114/1358/5579/1504/440387/1056/5319/112/23236/391013/487/6262/5644/5408/5645",33
"Metabolism","Carbohydrate metabolism","hsa00053","Ascorbate and aldarate metabolism","13/2057","31/9399",0.419354838709677,1.91614785076921,2.70427372856907,0.00958370087557797,0.0470120981641808,0.0342163240773888,"55586/7365/217/9104/54490/219/7364/10941/10720/54658/54576/54575/54577",13
"Metabolism","Carbohydrate metabolism","hsa00630","Glyoxylate and dicarboxylate metabolism","13/2057","31/9399",0.419354838709677,1.91614785076921,2.70427372856907,0.00958370087557797,0.0470120981641808,0.0342163240773888,"38/54363/64902/51179/847/2752/9380/275/4594/189/6470/283871/112817",13
"Environmental Information Processing","Signal transduction","hsa04010","MAPK signaling pathway","83/2057","300/9399",0.276666666666667,1.26416626154594,2.46132419630688,0.00967106019377435,0.0470120981641808,0.0342163240773888,"8913/4293/23542/3479/3082/5606/4254/5923/4804/782/27006/27330/2249/27092/779/2122/2323/285/4616/8911/994/8605/3315/786/84867/5924/5159/9048/3925/8074/1843/7010/2322/3164/3553/5582/7186/10912/1852/5156/4609/1847/1950/1848/59283/1969/11221/1944/774/775/5801/5603/55799/22808/8822/283748/9965/2277/5979/5579/3481/784/255189/5604/2353/929/115727/4615/3725/785/1436/3654/1946/5600/4908/4137/2248/123745/6300/3556/5154/777/1945",83
"Organismal Systems","Digestive system","hsa04973","Carbohydrate digestion and absorption","18/2057","48/9399",0.375,1.71347836655323,2.62301078128233,0.00993912695017246,0.0476533483912378,0.0346830385283596,"477/6476/6523/5332/5296/2538/480/486/6518/80201/3099/3101/6514/5579/80834/23236/8972/93432",18
"Organismal Systems","Development and regeneration","hsa04360","Axon guidance","54/2057","184/9399",0.293478260869565,1.34098306947644,2.47241707202697,0.0102243566956949,0.0483584438309893,0.0351962207732313,"6405/56920/7869/816/815/7224/59277/10371/5063/54437/4776/655/57144/5296/3984/6387/1949/90249/5361/64101/55558/7223/2048/10505/10154/7225/56924/80031/8482/658/7222/1969/10500/1944/2044/57689/55740/2047/137970/56896/54361/84448/1073/6091/27289/22885/56963/1946/1630/84628/6714/5365/3897/1945",54
"Metabolism","Lipid metabolism","hsa00140","Steroid hormone biosynthesis","23/2057","66/9399",0.348484848484849,1.59232333053432,2.55592349391754,0.010588607898556,0.0494135035265946,0.03596411384492,"8630/7365/6783/6718/1571/54490/5959/1588/1544/6715/1586/1646/1576/1581/7364/10941/8644/10720/54658/54576/54575/54577/6716",23
"Metabolism","Amino acid metabolism","hsa00340","Histidine metabolism","10/2057","22/9399",0.454545454545455,2.07694347460998,2.67670165626026,0.0117279954471276,0.0540105053486141,0.0393099016371868,"26/443/218/217/222/219/144193/84735/131669/10841",10
"Organismal Systems","Nervous system","hsa04720","Long-term potentiation","23/2057","67/9399",0.343283582089552,1.5685573106756,2.47201988885646,0.0128636163094985,0.058470983224993,0.0425563246329272,"816/815/27330/3710/5332/2906/2891/5582/91860/5502/775/814/2911/114/2905/5579/2915/5604/163688/2902/810/23236/2903",23
"Organismal Systems","Digestive system","hsa04970","Salivary secretion","30/2057","93/9399",0.32258064516129,1.47395988520708,2.43124772285819,0.0130427445061394,0.0585251356044717,0.0425957377933298,"477/153/4069/3710/5332/1472/727897/148/5582/91860/480/1131/486/114/362/820/55503/5579/154/163688/147/1473/1470/1469/146/112/810/23236/1755/4586",30
"Metabolism","Xenobiotics biodegradation and metabolism","hsa00983","Drug metabolism - other enzymes","27/2057","82/9399",0.329268292682927,1.5045175901443,2.42869437624053,0.0135215989420652,0.0599058180977572,0.0436006255027286,"4353/7365/1571/2944/2949/54490/7371/1807/10/7498/978/1576/7083/2941/7364/9/6241/10941/1806/10720/4830/54658/54576/54575/2939/54577/1548",27
"Organismal Systems","Sensory system","hsa04744","Phototransduction","12/2057","29/9399",0.413793103448276,1.89073474930012,2.54275943781623,0.0142273412110834,0.0621308937114214,0.0452200790320721,"2986/5957/2779/2792/91860/3000/5145/6010/163688/810/5148/1259",12
"Human Diseases","Cardiovascular disease","hsa05414","Dilated cardiomyopathy","33/2057","105/9399",0.314285714285714,1.43605805958747,2.3782927362858,0.0143788639732147,0.0621308937114214,0.0452200790320721,"3675/3479/153/782/27092/779/3655/6445/6442/786/7134/6543/7139/7137/3691/1837/22801/59283/3680/775/114/55799/70/3673/784/112/785/6546/487/4624/7169/6262/1756",33
"Metabolism","Global and overview maps","hsa01212","Fatty acid metabolism","20/2057","57/9399",0.350877192982456,1.60325461197963,2.41794168951599,0.0152277622027134,0.0649965459871913,0.0473057567786475,"30/2182/38/1962/33/6342/34/6785/83401/35/1892/81616/84869/2180/1376/79993/23305/10449/36/1375",20
"Metabolism","Carbohydrate metabolism","hsa00051","Fructose and mannose metabolism","14/2057","36/9399",0.388888888888889,1.77694052827743,2.47206104695521,0.0154661672975832,0.0652187777608929,0.0474675014079281,"5214/5210/5208/229/3795/6652/26007/226/80201/3099/3101/2203/57016/441282",14
"Genetic Information Processing","Replication and repair","hsa03460","Fanconi anemia pathway","19/2057","54/9399",0.351851851851852,1.60770809701291,2.37044523427646,0.0172033338597923,0.0703170143281094,0.0511780976463232,"5888/29089/8940/2178/353497/91442/83990/675/55215/2177/146956/2176/201254/116028/2187/2175/641/197342/2189",19
"Organismal Systems","Digestive system","hsa04971","Gastric acid secretion","25/2057","76/9399",0.328947368421053,1.50305119873091,2.33060577557494,0.0172643816496738,0.0703170143281094,0.0511780976463232,"1080/477/816/815/3710/54207/85366/5332/760/495/887/5582/91860/480/1131/114/6750/3772/5579/163688/112/3766/810/23236/2520",25
"Human Diseases","Cancer: overview","hsa05207","Chemical carcinogenesis - receptor activation","61/2057","217/9399",0.28110599078341,1.28445075710903,2.2438612200838,0.0172778949491926,0.0703170143281094,0.0511780976463232,"153/27006/27330/2249/1136/779/332/10683/2099/990/1869/5296/7365/1143/8600/2053/5582/54567/2944/2949/54490/9314/4609/54852/1950/1544/6258/774/775/114/90993/8822/1141/1576/993/5579/89832/5604/367/154/2353/2941/85315/7364/253152/10941/112/1139/3725/3838/402569/2248/6714/1555/10720/54658/54576/54575/2939/54577/9641",61
"Human Diseases","Substance dependence","hsa05031","Amphetamine addiction","23/2057","69/9399",0.333333333333333,1.52309188138065,2.30828473343525,0.0185748275419319,0.0740367252234551,0.0538853759521087,"816/815/2906/6804/116444/2891/2354/5582/91860/84152/6531/775/814/90993/2905/5579/163688/2353/2902/3725/810/7054/2903",23
"Organismal Systems","Circulatory system","hsa04270","Vascular smooth muscle contraction","40/2057","134/9399",0.298507462686567,1.36396287884834,2.24602432250871,0.018614948056183,0.0740367252234551,0.0538853759521087,"779/3710/50487/85366/5332/8605/796/148/4879/1908/5582/79924/91860/10267/9826/185/133/775/114/283748/5739/72/552/5579/255189/5604/163688/147/5319/27094/146/112/797/810/23236/8398/391013/123745/553/157855",40
"Metabolism","Global and overview maps","hsa01240","Biosynthesis of cofactors","45/2057","154/9399",0.292207792207792,1.33517794796356,2.2197804213469,0.0192916531697895,0.0756182302553004,0.0550364262309254,"211/8630/586/790/4522/1723/587/7365/217/8564/25902/9104/2643/129607/29968/54490/219/5498/4143/6999/133686/53354/23057/212/80308/249/23498/251/248/441024/158067/7360/7364/10243/10941/6470/1728/169355/554235/10720/4830/54658/54576/54575/54577",45
"Metabolism","Lipid metabolism","hsa00565","Ether lipid metabolism","18/2057","51/9399",0.352941176470588,1.61268552146187,2.32215406433874,0.0194446877799344,0.0756182302553004,0.0550364262309254,"5050/50487/79153/8605/9514/8612/79888/284161/283748/8613/133121/255189/5319/7368/11145/8398/391013/123745",18
"Organismal Systems","Nervous system","hsa04725","Cholinergic synapse","35/2057","115/9399",0.304347826086957,1.39064910908668,2.23098098421816,0.0198145801906736,0.0762099238102832,0.0554670723671836,"816/815/3785/1136/779/2775/3710/5332/5296/60482/1143/5582/2792/1131/8973/774/775/814/114/3763/90993/1141/5579/89832/3761/2786/1128/5604/2353/112/1139/1132/1129/23236/3786",35
"Environmental Information Processing","Signaling molecules and interaction","hsa04061","Viral protein interaction with cytokine and cytokine receptor","31/2057","100/9399",0.31,1.41647544968401,2.21614900896205,0.0210452971434706,0.0800636304371164,0.058271875385811,"10344/2920/3560/6387/6347/6364/8809/27178/6370/3572/3569/3586/29949/9547/3577/6374/5473/5196/1230/2829/10803/1237/3579/6357/1436/1232/2826/6368/6351/6359/6348",31
"Human Diseases","Cancer: specific types","hsa05222","Small cell lung cancer","29/2057","93/9399",0.311827956989247,1.42482788903351,2.17921784112194,0.0231637394505755,0.0871753635236713,0.0634479337525667,"3675/4843/1870/3909/5743/7188/22798/3655/4616/79444/1869/898/5296/3910/1164/7186/10912/1284/3915/4609/6258/1030/3673/1163/9134/1282/1287/3914/1288",29
"Organismal Systems","Environmental adaptation","hsa04713","Circadian entrainment","30/2057","97/9399",0.309278350515464,1.41317803427071,2.16502343049968,0.0236993425712795,0.0882422329781685,0.0642244221976444,"8913/816/815/2775/3710/8911/5332/2906/51655/2891/3762/5582/2792/91860/4544/775/114/3763/2905/3765/5579/2786/163688/2353/112/2902/810/23236/2903/6262",30
"Human Diseases","Cardiovascular disease","hsa05412","Arrhythmogenic right ventricular cardiomyopathy","27/2057","86/9399",0.313953488372093,1.43454002781201,2.14270255795495,0.0254683204035532,0.0938306541183539,0.068291784350802,"3675/1496/782/27092/88/779/3655/6445/6442/786/6543/3691/1837/22801/51176/59283/3680/775/55799/3673/784/785/6546/29119/487/6262/1756",27
"Organismal Systems","Immune system","hsa04657","IL-17 signaling pathway","29/2057","94/9399",0.308510638297872,1.40967014553316,2.11284544903417,0.0266952202734732,0.0973263239137045,0.0708360011642601,"5743/2920/7188/4318/1440/6347/112744/6364/727897/3553/2354/7186/27190/3569/4322/6279/3934/4314/5603/6374/2353/53342/8061/3725/5600/6300/4312/4586/9641",29
"Organismal Systems","Nervous system","hsa04721","Synaptic vesicle cycle","25/2057","79/9399",0.316455696202532,1.44597330510821,2.1068912972597,0.027962459609425,0.100210705280831,0.0729353103096573,"6534/8218/6507/6530/50617/6804/6505/6539/525/23025/6538/6616/440279/6531/245973/10814/245972/774/528/6512/10815/246213/527/6536/26052",25
"Metabolism","Metabolism of cofactors and vitamins","hsa00790","Folate biosynthesis","11/2057","28/9399",0.392857142857143,1.79507257448434,2.23008027218647,0.0280589974786326,0.100210705280831,0.0729353103096573,"7166/2643/5860/249/251/248/10243/7054/8644/57016/441282",11
"Organismal Systems","Excretory system","hsa04961","Endocrine and other factor-regulated calcium reabsorption","18/2057","53/9399",0.339622641509434,1.55182946404821,2.13234566592433,0.0288984032071616,0.102166071944511,0.0743584643926966,"477/8218/2099/5332/793/6543/5582/480/486/5745/5579/3816/3817/624/112/23236/6546/26052",18
"Genetic Information Processing","Information processing in viruses","hsa03265","Virion - Ebolavirus, Lyssavirus and Morbillivirus","6/2057","12/9399",0.5,2.28463782207098,2.35686981586098,0.0296201708732825,0.103670598056489,0.0754534879087827,"4804/2213/10332/1134/81607/4684",6
"Metabolism","Metabolism of cofactors and vitamins","hsa00860","Porphyrin metabolism","16/2057","46/9399",0.347826086956522,1.58931326752764,2.12069075684042,0.0306200775580842,0.106109179656728,0.0772283352689566,"211/1356/3162/644/7365/54490/5498/212/2395/7364/10941/10720/54658/54576/54575/54577",16
"Metabolism","Carbohydrate metabolism","hsa00620","Pyruvate metabolism","17/2057","50/9399",0.34,1.55355371900826,2.07725527872323,0.0328051593787277,0.112566723358379,0.0819282618127152,"5315/38/32/5106/217/51011/97/5105/9380/219/197257/134526/130/124/125/127/126",17
"Human Diseases","Cancer: specific types","hsa05224","Breast cancer","42/2057","148/9399",0.283783783783784,1.29668633144569,1.92558073310172,0.0368069505872181,0.125072162189576,0.0910299646612855,"1870/3479/27006/4854/7479/2249/7481/10683/2099/4616/1869/5296/7472/11211/10297/7475/8074/8600/54567/10912/23493/4609/51176/1950/675/53358/89780/7476/8822/9965/54361/23462/8313/5604/2353/3725/2535/3714/399694/2248/8326/388585",42
"Organismal Systems","Endocrine system","hsa04912","GnRH signaling pathway","28/2057","93/9399",0.301075268817204,1.37569589285994,1.92718795938569,0.039360861450519,0.132464437573862,0.0964102071966155,"5606/816/815/779/3710/5332/3972/8605/1958/91860/2796/775/114/5603/4323/283748/5579/255189/5604/163688/112/3725/810/23236/5600/123745/6300/6714",28
"Metabolism","Lipid metabolism","hsa00592","alpha-Linolenic acid metabolism","10/2057","26/9399",0.384615384615385,1.75741370928537,2.0469545660405,0.0411468531498229,0.137156177166076,0.0998249469900465,"30/50487/8605/283748/255189/5319/11145/8398/391013/123745",10
"Metabolism","Amino acid metabolism","hsa00310","Lysine degradation","20/2057","63/9399",0.317460317460317,1.450563696553,1.89921322386221,0.0445672781041564,0.146402066790899,0.106554286205707,"38/2122/2639/8985/2146/51166/7468/217/1962/11105/1892/8424/84787/219/63976/56979/55526/64754/23127/10919",20
"Organismal Systems","Endocrine system","hsa04921","Oxytocin signaling pathway","43/2057","154/9399",0.279220779220779,1.27583670583184,1.82678163290421,0.0447572032760749,0.146402066790899,0.106554286205707,"816/782/815/5743/27092/779/2775/3710/4776/85366/5332/5020/8605/786/3762/5582/91860/59283/775/814/114/55799/3763/1827/283748/5563/3765/5579/784/3761/255189/5604/163688/2353/112/3725/810/5021/785/23236/123745/6714/6262",43
"Organismal Systems","Endocrine system","hsa04917","Prolactin signaling pathway","22/2057","71/9399",0.309859154929577,1.41583188973413,1.86157429564621,0.0469207101502638,0.152057856968448,0.110670680861246,"2099/3972/5296/2645/1154/8600/8835/1447/53358/1586/5603/6514/5604/2353/9306/7054/9021/5600/399694/6300/6714/30837",22
"Organismal Systems","Endocrine system","hsa04928","Parathyroid hormone synthesis, secretion and action","33/2057","115/9399",0.28695652173913,1.3111834457103,1.77715585120947,0.0512728267064698,0.16463751694738,0.119826403312078,"1591/5744/3710/5332/5143/2625/1594/6446/8074/8600/1958/10893/65266/5582/9826/8521/4322/6258/4929/114/4323/90993/5745/65268/5579/5604/2353/112/23236/142680/4326/27347/632",33
"Environmental Information Processing","Signaling molecules and interaction","hsa04514","Cell adhesion molecule (CAM) interaction","44/2057","160/9399",0.275,1.25655080213904,1.73240153853101,0.0536352100067413,0.170657486385086,0.124207854752454,"6401/920/9369/1462/51208/6614/4897/3655/4099/24146/8506/5818/29126/22865/6385/64101/79679/3680/57689/4684/10666/5789/9073/4359/1493/149461/26050/22871/257194/947/6403/114798/139065/9378/84189/84631/5133/1364/84628/80380/3897/100288814/3112/927",44
"Metabolism","Lipid metabolism","hsa00564","Glycerophospholipid metabolism","30/2057","104/9399",0.288461538461538,1.31806028196403,1.72635095083795,0.0572823697425889,0.180620084773929,0.131458828617416,"56895/50487/1120/9663/6901/8605/1119/375775/10400/84803/8612/79888/9162/283748/8613/1040/166929/2819/255189/5319/162466/11145/8398/150763/391013/123745/196051/3931/128966744/139189",30
"Metabolism","Lipid metabolism","hsa00120","Primary bile acid biosynthesis","7/2057","17/9399",0.411764705882353,1.88146644170551,1.92535228811724,0.0581789629944134,0.181809259357542,0.132324333126391,"10998/6342/6718/51302/1581/8309/1582",7
"Cellular Processes","Cellular community - eukaryotes","hsa04540","Gap junction","26/2057","89/9399",0.292134831460674,1.33484457019877,1.6799296675409,0.063823081138286,0.196718291822108,0.143175418408873,"153/113457/3710/5332/10382/5159/5582/5156/1950/3358/112714/2911/114/5579/2915/5604/983/260334/112/79861/23236/6714/5154/7278/10381/347688",26
"Organismal Systems","Endocrine system","hsa04916","Melanogenesis","29/2057","101/9399",0.287128712871287,1.3119702344566,1.66842524054319,0.0640739579077725,0.196718291822108,0.143175418408873,"4254/816/815/7479/7299/7481/2775/5332/7472/7306/11211/7475/5582/91860/1910/51176/89780/7476/114/90993/54361/5579/5604/163688/112/810/2535/23236/8326",29
"Metabolism","Amino acid metabolism","hsa00270","Cysteine and methionine metabolism","17/2057","54/9399",0.314814814814815,1.43847566574839,1.71033191318067,0.0653102300059225,0.198001156734931,0.144109112570988,"586/1789/26227/259307/587/64902/1788/2805/27232/2806/1786/29968/635/4143/883/6898/102724560",17
"Human Diseases","Cancer: specific types","hsa05226","Gastric cancer","41/2057","150/9399",0.273333333333333,1.24893534273213,1.62671876349218,0.0659866923785181,0.198001156734931,0.144109112570988,"1870/3082/1496/27006/7479/2249/1015/7481/4616/1869/898/5296/7472/11211/10297/7475/8074/10912/83998/4609/51176/1950/6258/1030/53358/89780/7476/8822/9965/54361/7015/1045/8313/5604/9134/2535/29119/399694/2248/8326/4583",41
"Metabolism","Metabolism of cofactors and vitamins","hsa00670","One carbon pool by folate","13/2057","39/9399",0.333333333333333,1.52309188138065,1.73260688112699,0.0666886397349924,0.198001156734931,0.144109112570988,"4522/25902/1757/27232/29958/275/635/4143/10841/441024/7298/6470/102724560",13
"Organismal Systems","Excretory system","hsa04966","Collecting duct acid secretion","10/2057","28/9399",0.357142857142857,1.63188415862213,1.77235694158396,0.0667546756992055,0.198001156734931,0.144109112570988,"6521/760/495/50617/525/245973/245972/528/1188/527",10
"Environmental Information Processing","Signal transduction","hsa04350","TGF-beta signaling pathway","31/2057","110/9399",0.281818181818182,1.28770495425819,1.60652274162772,0.0709707573241426,0.208439842305009,0.15170659199342,"1634/5933/7018/655/268/57817/7036/653/3398/656/3624/130399/652/8200/3397/1875/269/4609/7057/658/9611/3547/1030/392255/4838/4681/5308/3626/64388/56963/353500",31
"Organismal Systems","Endocrine system","hsa04925","Aldosterone synthesis and secretion","28/2057","98/9399",0.285714285714286,1.3055073268977,1.60915367725469,0.0716634700398502,0.208439842305009,0.15170659199342,"8913/477/816/815/779/3710/8911/5332/3762/3164/5582/91860/3949/480/747/185/775/814/4929/114/90993/5579/51305/163688/112/810/23236/5138",28
"Metabolism","Carbohydrate metabolism","hsa00640","Propanoate metabolism","11/2057","32/9399",0.34375,1.5706885026738,1.71159704614863,0.0720606311968745,0.208439842305009,0.15170659199342,"32/594/23417/1962/4329/35/1892/1629/4594/8801/18",11
"Metabolism","Lipid metabolism","hsa00061","Fatty acid biosynthesis","7/2057","18/9399",0.388888888888889,1.77694052827743,1.74633330718945,0.0778166117181813,0.222980341291248,0.162289451405961,"2182/32/81616/84869/2180/55301/23305",7
"Human Diseases","Cancer: specific types","hsa05217","Basal cell carcinoma","19/2057","63/9399",0.301587301587302,1.37803551172535,1.59349288114216,0.0783616627966387,0.222980341291248,0.162289451405961,"7479/7481/4616/7472/2735/11211/10297/7475/652/10912/51176/89780/7476/54361/64399/374654/8313/2535/8326",19
"Organismal Systems","Endocrine system","hsa04922","Glucagon signaling pathway","30/2057","107/9399",0.280373831775701,1.28110532078746,1.54786838681719,0.0790777738349681,0.223203393889023,0.162451793447048,"816/5214/5315/815/32/3710/5106/5834/5332/2645/10891/2998/2641/6513/5105/91860/2538/150094/2308/90993/5563/6514/2203/163688/810/23236/1375/2642/139420/102724428",30
"Cellular Processes","Cellular community - eukaryotes","hsa04550","Signaling pathways regulating pluripotency of stem cells","39/2057","144/9399",0.270833333333333,1.23751215362178,1.52022037247574,0.0803730370208069,0.225044503658259,0.163791789128718,"5080/3479/6929/7479/7481/64211/5296/1749/7472/11211/3977/10297/5013/7475/3398/3624/130399/652/3397/3231/1852/3572/9314/4609/658/89780/7476/4838/5603/54361/8313/5604/3626/2535/6657/5600/6300/8326/5460",39
"Cellular Processes","Transport and catabolism","hsa04148","Efferocytosis","42/2057","157/9399",0.267515923566879,1.22235399397428,1.48709753921596,0.0844803376545377,0.234667604595938,0.170795670111931,"23166/816/815/5743/384/7301/4776/10326/286410/26762/6513/6446/383/1788/5732/51761/55576/3586/7057/1847/4240/51454/84466/91937/121601/5603/714/246/558/5604/64805/682/713/8877/8398/5627/338440/5600/6300/487/1375/100133941",42
"Environmental Information Processing","Signal transduction","hsa04310","Wnt signaling pathway","47/2057","178/9399",0.264044943820225,1.20649413075658,1.47216462698079,0.0857174126321847,0.236229089931218,0.171932149664225,"1951/816/815/7479/7481/4776/343637/5332/6422/27121/79816/7472/6424/22943/54894/11211/10297/7475/27101/6425/5582/4609/51176/8549/85407/84870/340419/89780/7476/27123/11197/54361/57216/2487/5579/8313/4920/1501/4163/8061/3725/2535/23236/147111/4919/8326/29964",47
"Environmental Information Processing","Signal transduction","hsa04072","Phospholipase D signaling pathway","40/2057","149/9399",0.268456375838926,1.22665117963542,1.47607331063504,0.086560581288586,0.236689089460977,0.172266946314456,"56895/4254/5332/8605/5296/5159/5737/2914/554/5156/1950/8612/185/2846/53358/2911/114/9162/22808/283748/8613/3577/2912/552/255189/2915/5604/23566/112/8877/2918/3579/23236/399694/123745/2917/5154/26052/553/139189",40
"Metabolism","Global and overview maps","hsa01210","2-Oxocarboxylic acid metabolism","11/2057","33/9399",0.333333333333333,1.52309188138065,1.59325594976022,0.0875686739413984,0.237589425422399,0.172922228427731,"586/594/587/51166/64902/2805/2806/1629/189/55526/55753",11
"Environmental Information Processing","Signal transduction","hsa04015","Rap1 signaling pathway","55/2057","212/9399",0.259433962264151,1.18542528503683,1.44536556492667,0.0884984826208291,0.238265145517617,0.173414030722596,"3479/3082/5606/4254/4804/27006/2249/2775/285/5332/5296/23094/5159/57568/1268/8074/7010/3397/5582/9002/91860/5156/7057/1950/8631/1969/1944/2846/55740/114/5603/22808/8822/9965/2277/5579/5604/163688/2357/23566/112/375189/2902/810/1436/23236/2903/1946/5600/2248/6300/6714/5154/27040/1945",55
"Human Diseases","Cancer: specific types","hsa05214","Glioma","22/2057","76/9399",0.289473684210526,1.3226850548832,1.49498034096682,0.0904198388938204,0.240422664937,0.174984315533095,"1870/3479/816/815/4616/1869/5296/5159/5582/91860/10912/5156/1950/1029/53358/814/5579/5604/163688/810/399694/5154",22
"Organismal Systems","Nervous system","hsa04728","Dopaminergic synapse","36/2057","133/9399",0.270676691729323,1.23679641495572,1.45573549553965,0.09067369077624,0.240422664937,0.174984315533095,"816/1815/815/5522/2775/3710/5332/2891/3762/5582/2792/91860/50632/84152/2774/6531/6323/774/775/3798/5603/3763/90993/3765/5579/28227/2786/1816/163688/2353/810/7054/23236/2903/5600/6300",36
"Cellular Processes","Cell growth and death","hsa04114","Oocyte meiosis","37/2057","138/9399",0.268115942028986,1.22509564371922,1.40995537467066,0.0976781965726848,0.255235742320415,0.185765562831701,"3479/816/815/27330/27127/6790/3710/898/22849/991/9088/91860/151648/891/9700/89869/114/286151/5603/9133/995/245711/4085/9232/5347/5604/367/699/163688/983/112/9134/810/5600/6300/441273/441272",37
"Human Diseases","Endocrine and metabolic disease","hsa04933","AGE-RAGE signaling pathway in diabetic complications","28/2057","101/9399",0.277227722772277,1.2667298815443,1.42647861117506,0.0980894286457027,0.255235742320415,0.185765562831701,"6401/50507/5332/5296/5054/6347/1277/84812/1958/3553/1284/3569/5292/185/2308/5603/113026/1278/2277/5579/3725/7056/23236/5600/1282/6300/1287/1288",28
"Human Diseases","Substance dependence","hsa05030","Cocaine addiction","15/2057","49/9399",0.306122448979592,1.39875785024754,1.48125270581132,0.0984480720378744,0.255235742320415,0.185765562831701,"2906/116444/2891/2354/84152/6531/90993/26086/2905/2912/8851/2902/3725/7054/2903",15
"Human Diseases","Endocrine and metabolic disease","hsa04934","Cushing syndrome","41/2057","155/9399",0.264516129032258,1.20864710586981,1.38635968849741,0.100559216363898,0.258792100936503,0.188353950155289,"8913/1870/816/815/7479/779/7481/3710/8911/5332/1869/898/7472/1395/51655/11211/10297/7475/1031/3164/50940/3949/2516/51176/185/1030/1029/1586/775/89780/7476/114/90993/54361/8313/5604/112/9134/2535/23236/8326",41
"Metabolism","Amino acid metabolism","hsa00360","Phenylalanine metabolism","6/2057","16/9399",0.375,1.71347836655323,1.51181140963668,0.116303970124086,0.297126930973943,0.216254788859231,"259307/218/2805/2806/222/6898",6
"Environmental Information Processing","Signal transduction","hsa04390","Hippo signaling pathway","41/2057","157/9399",0.261146496815287,1.19325032745108,1.29245299924059,0.117261010455384,0.297401113473801,0.216454344242586,"6591/1496/5522/8463/7479/7161/174/7481/332/655/268/7472/5054/11211/653/10297/7475/3398/656/652/8200/3397/4609/658/51176/122786/85407/1740/9231/79981/89780/7476/392255/54361/8313/2535/23513/6657/29119/353500/8326",41
"Human Diseases","Infectious disease: parasitic","hsa05142","Chagas disease","28/2057","103/9399",0.271844660194175,1.24213318481529,1.30783376432311,0.118849421825074,0.299261134091912,0.217808103609752,"4843/5522/2775/5332/5296/5054/6347/3553/3569/3586/7099/2774/9630/5603/714/1636/624/3592/2353/4615/713/3725/23236/3654/5600/6300/54106/6348",28
"Metabolism","Carbohydrate metabolism","hsa00030","Pentose phosphate pathway","10/2057","31/9399",0.32258064516129,1.47395988520708,1.39902884112535,0.120848558659854,0.302121396649634,0.21988985861417,"8277/5214/5236/9104/229/414328/226/2539/7086/2203",10
"Cellular Processes","Cell growth and death","hsa04115","p53 signaling pathway","21/2057","75/9399",0.28,1.27939718035975,1.28581709175819,0.127228801141804,0.315816173047031,0.229857184593629,"3479/51512/7161/4616/898/5054/55240/9540/63970/10912/891/7057/3486/1029/1111/9133/983/6241/9134/2810/56475",21
"Organismal Systems","Endocrine system","hsa04913","Ovarian steroidogenesis","15/2057","52/9399",0.288461538461538,1.31806028196403,1.21731413859893,0.147332919298641,0.360605047234436,0.262455402799199,"3479/5743/3972/8605/10965/3949/1573/1588/1586/114/283748/255189/112/123745/8644",15
"Organismal Systems","Digestive system","hsa04979","Cholesterol metabolism","15/2057","52/9399",0.288461538461538,1.31806028196403,1.21731413859893,0.147332919298641,0.360605047234436,0.262455402799199,"1071/350/9388/337/345/335/3949/27329/6272/3990/8435/1581/4023/4018/3931",15
"Environmental Information Processing","Signal transduction","hsa04014","Ras signaling pathway","59/2057","238/9399",0.247899159663866,1.13271959245536,1.09769011298568,0.15429944964209,0.37306359726208,0.27152297905992,"3479/3082/4254/5923/4804/27006/2249/5063/2323/285/50487/57144/8605/5296/8437/5924/5159/8074/7010/2322/5582/2792/91860/5156/56924/1950/1969/1944/53358/2114/22808/8822/283748/9965/2277/5579/3481/2786/255189/5604/163688/5319/283455/115727/11145/2902/810/1436/2903/1946/8398/399694/4908/2248/391013/123745/5154/27040/1945",59
"Human Diseases","Cancer: specific types","hsa05215","Prostate cancer","28/2057","106/9399",0.264150943396226,1.2069784720375,1.13429969870727,0.154742055411741,0.37306359726208,0.27152297905992,"1870/3479/3645/2346/4318/1869/898/5296/2348/2352/5159/5156/51176/1950/354/4314/2308/2911/90993/6692/4824/2915/5604/367/9134/7113/5154/6716",28
"Human Diseases","Endocrine and metabolic disease","hsa04936","Alcoholic liver disease","37/2057","144/9399",0.256944444444444,1.17404999189759,1.11402443823273,0.155620814857896,0.37306359726208,0.27152297905992,"5606/32/2920/50507/9663/23417/10891/217/34/3553/1571/3569/7099/219/51176/2308/23643/5603/714/5563/2168/3592/929/4615/130/713/9370/3654/5600/124/6300/125/728/127/1375/126/9641",37
"Cellular Processes","Cell growth and death","hsa04218","Cellular senescence","40/2057","157/9399",0.254777070063694,1.16414666092789,1.09780845926523,0.158414618496503,0.377177663086912,0.27451727659258,"1870/5606/5933/3710/4616/4776/4605/1869/898/5296/5054/59341/2305/91860/10912/1875/891/3569/4609/890/3486/1030/1029/1111/2308/5603/9133/22808/8878/993/5604/163688/983/9134/810/286826/5600/677/6300/55957",40
"Environmental Information Processing","Membrane transport","hsa02010","ABC transporters","13/2057","45/9399",0.288888888888889,1.32001296386323,1.1389451834933,0.167934519763739,0.392642502164208,0.285772888793198,"1080/340273/6833/10060/10057/10058/89845/10257/94160/10351/26154/21/24",13
"Genetic Information Processing","Replication and repair","hsa03440","Homologous recombination","12/2057","41/9399",0.292682926829268,1.33734896901716,1.14579644715536,0.168275358070375,0.392642502164208,0.285772888793198,"5888/5424/8438/8940/7517/83990/580/675/146956/7516/25788/641",12
"Human Diseases","Cancer: specific types","hsa05219","Bladder cancer","12/2057","41/9399",0.292682926829268,1.33734896901716,1.14579644715536,0.168275358070375,0.392642502164208,0.285772888793198,"1870/23604/7380/4318/1869/4609/7057/1950/1029/5604/4312/6714",12
"Environmental Information Processing","Signal transduction","hsa04151","PI3K-Akt signaling pathway","87/2057","362/9399",0.240331491712707,1.09814083160318,1.00790489386822,0.172455131469682,0.399730437181383,0.290931626459834,"3675/3479/3082/3381/1298/4254/3909/4804/27006/5522/2249/2323/22798/3655/285/3560/5106/898/5296/1311/1440/1277/7450/2998/1297/3910/2690/7060/5159/7143/9048/6446/6696/8074/7010/2322/5585/3164/5105/2792/2538/3691/5156/1284/3915/3569/7099/4609/7057/22801/1950/1280/1969/4170/1944/3680/2846/90993/8822/29941/9965/5563/3673/1278/2277/5979/3481/28227/2786/7148/1128/5604/23566/9134/1129/1436/1946/3563/4908/2248/1282/1287/3914/5154/1288/131873/1945",87
"Human Diseases","Infectious disease: bacterial","hsa05150","Staphylococcus aureus infection","26/2057","99/9399",0.262626262626263,1.20001178533021,1.05891081899822,0.173599201356134,0.399735003122676,0.290934949641166,"2213/25984/5340/5648/3872/3586/714/715/2215/820/4153/2358/2357/54474/2266/713/6403/716/2204/3859/390792/728/2214/3426/1668/3112",26
"Cellular Processes","Transport and catabolism","hsa04146","Peroxisome","22/2057","83/9399",0.265060240963855,1.21113330326654,1.02260691424075,0.185424236140064,0.424173089209296,0.308721466432029,"4843/30/2182/54363/23417/92960/5264/1610/1962/51555/6342/51179/3155/2053/847/11001/54511/2180/7498/23305/8309/189",22
"Human Diseases","Endocrine and metabolic disease","hsa04950","Maturity onset diabetes of the young","8/2057","26/9399",0.307692307692308,1.40593096742829,1.09705202993827,0.191528456500628,0.426382406307096,0.310329450605466,"5080/2645/4821/3110/3651/6514/389692/222546",8
"Organismal Systems","Digestive system","hsa04977","Vitamin digestion and absorption","8/2057","26/9399",0.307692307692308,1.40593096742829,1.09705202993827,0.191528456500628,0.426382406307096,0.310329450605466,"2346/113278/337/5948/335/9227/80704/81693",8
"Organismal Systems","Endocrine system","hsa04918","Thyroid hormone synthesis","20/2057","75/9399",0.266666666666667,1.21847350510452,1.00543952017701,0.191559965902854,0.426382406307096,0.310329450605466,"389434/477/3710/5332/6528/7276/7849/5582/480/486/53905/405753/50506/114/90993/213/493869/5579/112/23236",20
"Organismal Systems","Endocrine system","hsa04926","Relaxin signaling pathway","33/2057","130/9399",0.253846153846154,1.15989304812834,0.971655901949082,0.192148520886997,0.426382406307096,0.310329450605466,"4843/2775/4318/5332/5296/1277/2792/1284/1910/4322/53358/114/5603/90993/1278/2277/2786/5604/2353/117579/59350/339403/112/3725/23236/5600/399694/1282/6300/1287/4312/6714/1288",33
"Organismal Systems","Excretory system","hsa04960","Aldosterone-regulated sodium reabsorption","11/2057","38/9399",0.289473684210526,1.3226850548832,1.0549629397202,0.192481200561489,0.426382406307096,0.310329450605466,"3479/477/5296/6446/5582/480/486/4306/5579/6340/2810",11
"Human Diseases","Cancer: overview","hsa05230","Central carbon metabolism in cancer","19/2057","71/9399",0.267605633802817,1.22276390477038,0.99725771244593,0.194666995651551,0.428512254578886,0.311879595813805,"5214/5315/5296/2645/5159/2744/6513/2322/5156/27165/4609/9123/80201/3099/2539/3101/6514/5979/5604",19
"Organismal Systems","Endocrine system","hsa04919","Thyroid hormone signaling pathway","31/2057","122/9399",0.254098360655738,1.16104545056066,0.947659398044242,0.199428597324067,0.433540428965363,0.315539199427422,"477/5214/4854/2099/5332/5296/2648/84812/6513/5208/652/5582/480/4609/486/89869/53919/9611/6258/6567/2308/1827/113026/54361/5579/5604/23236/487/6714/4624/1734",31
"Organismal Systems","Endocrine system","hsa04935","Growth hormone synthesis, secretion and action","31/2057","122/9399",0.254098360655738,1.16104545056066,0.947659398044242,0.199428597324067,0.433540428965363,0.315539199427422,"3479/5606/779/3710/3483/5332/5296/2692/2690/8835/5582/112609/3486/53358/775/114/5603/6750/90993/6755/5579/5604/2353/3726/112/23236/9021/5600/399694/6300/6753",31
"Metabolism","Nucleotide metabolism","hsa00240","Pyrimidine metabolism","16/2057","59/9399",0.271186440677966,1.23912559841138,0.975228340762941,0.204029240687389,0.440803915065347,0.320825706603952,"790/1723/129607/7371/284958/1807/978/7083/956/1841/6241/7298/93034/1806/56953/4830",16
"Metabolism","Lipid metabolism","hsa00600","Sphingolipid metabolism","15/2057","55/9399",0.272727272727273,1.24616608476599,0.969104977720638,0.207110829944196,0.444716506015145,0.323673366783955,"2717/55512/9514/2583/8612/204219/8613/130367/166929/7368/8877/2629/768239/4758/10715",15
"Metabolism","Metabolism of cofactors and vitamins","hsa00785","Lipoic acid metabolism","6/2057","19/9399",0.315789473684211,1.44292915078167,1.02290975696699,0.221074512244307,0.471805361496996,0.34338916536022,"594/1629/275/116285/55526/55753",6
"Genetic Information Processing","Replication and repair","hsa03430","Mismatch repair","7/2057","23/9399",0.304347826086957,1.39064910908668,0.992817978423816,0.223078872106212,0.473197607498026,0.344402469216608,"5424/4436/3978/5111/5983/5984/9156",7
"Organismal Systems","Nervous system","hsa04730","Long-term depression","16/2057","60/9399",0.266666666666667,1.21847350510452,0.898569948290245,0.22512025348022,0.474651136855886,0.345460376298118,"3479/2775/3710/5332/8605/2891/5582/2781/2895/2911/283748/5579/255189/5604/23236/123745",16
"Human Diseases","Cancer: specific types","hsa05218","Melanoma","19/2057","73/9399",0.26027397260274,1.18926352381777,0.859227804674666,0.23274490168494,0.487788716106161,0.355022163301326,"1870/3479/3082/27006/2249/4616/1869/5296/5159/8074/10912/5156/1950/1029/8822/9965/5604/2248/5154",19
"Organismal Systems","Endocrine system","hsa04924","Renin secretion","18/2057","69/9399",0.260869565217391,1.19198495064573,0.847185640609033,0.237392575977538,0.49456786661987,0.359956161569951,"153/779/3710/5332/1908/5732/91860/5972/185/775/5137/1636/134/154/163688/112/810/23236",18
"Cellular Processes","Cellular community - eukaryotes","hsa04510","Focal adhesion","49/2057","203/9399",0.241379310344828,1.1029286037584,0.784715616124261,0.239859510167062,0.495608152469319,0.360713301947595,"3675/3479/3082/3381/1298/3909/5923/5063/22798/3655/85366/57144/5296/1311/1277/7450/1297/3910/7060/5159/7143/6696/5582/3691/5156/1284/3915/7057/22801/56924/1950/1280/3680/53358/3673/1278/2277/5579/7148/5604/3725/399694/1282/1287/3914/6714/5154/1288/131873",49
"Human Diseases","Drug resistance: antineoplastic","hsa01522","Endocrine resistance","25/2057","99/9399",0.252525252525253,1.15385748589443,0.814558782766255,0.240723959770812,0.495608152469319,0.360713301947595,"1870/3479/4854/10683/2099/638/4318/1869/5296/1031/54567/9611/1029/53358/114/5603/5604/2353/112/3725/3714/5600/399694/6300/6714",25
"Human Diseases","Immune disease","hsa05323","Rheumatoid arthritis","24/2057","95/9399",0.252631578947368,1.15434332062534,0.800280928883786,0.245749176759886,0.502995391029006,0.366089878583517,"2920/3589/50617/6387/6347/6364/525/7010/8600/3553/3569/7099/245973/245972/4314/528/1493/6374/2353/3725/527/4312/3112/6348",24
NA,NA,"hsa04382","Cornified envelope formation","52/2057","217/9399",0.23963133640553,1.09494162901098,0.748937502133823,0.250123824835137,0.508972899373825,0.370440426010423,"3909/51208/5522/5317/3655/23581/24146/25984/1294/6785/2053/7053/3872/3691/1284/3891/51702/29943/6279/26154/204219/9073/7062/6271/3713/6283/84283/149461/28227/2125/3892/286887/54474/2629/338785/353141/3859/1282/6274/1287/1364/57402/23254/6273/390792/3914/1288/6281/388697/6277/3887/100288814",52
"Metabolism","Lipid metabolism","hsa00100","Steroid biosynthesis","6/2057","20/9399",0.3,1.37078269324259,0.878585154517594,0.261337731001188,0.528717952892578,0.384811261954899,"1591/6713/6309/1594/8435/1056",6
"Human Diseases","Infectious disease: viral","hsa05165","Human papillomavirus infection","78/2057","333/9399",0.234234234234234,1.07028078151073,0.691159875342794,0.264076848204084,0.531189062479479,0.386609783819651,"3675/3381/1298/3909/5315/54626/5743/4854/5522/7479/5933/7481/22798/3655/1869/898/5296/1311/50617/7472/1277/7450/11211/1297/3910/7060/5159/10297/7475/525/7143/6696/11317/7283/3691/1284/8638/23493/3915/7057/22801/1950/1280/245973/55502/3680/890/245972/1740/2308/89780/7476/528/90993/54361/3673/7098/7015/23462/1278/28227/7148/8313/5604/9134/84667/2535/23513/527/1282/1287/57801/8326/3914/1288/388585/131873/9641",78
"Organismal Systems","Immune system","hsa04625","C-type lectin receptor signaling pathway","26/2057","105/9399",0.247619047619048,1.13143968331134,0.716881702346708,0.270271106110174,0.540542212220347,0.393417189044584,"5743/3710/4776/29108/10332/5296/1959/3553/91860/3569/3586/5603/22808/51266/338339/3592/163688/53342/1263/3725/810/1960/5600/6300/6714/9641",26
NA,NA,"hsa04517","IgSF CAM signaling","70/2057","299/9399",0.234113712374582,1.06973008391283,0.648578819552508,0.279019135678957,0.553097874935451,0.402555445817682,"3785/113457/5063/4133/4897/85366/57144/10382/10332/5296/4099/8777/8506/5818/90249/5361/9414/22865/51744/84063/5582/55558/7225/56924/81607/8497/5375/57689/4684/10666/2308/288/112714/5789/137970/5603/4359/4868/4356/26050/145581/5579/57524/5604/11141/22871/6091/2266/2243/2244/260334/6712/114798/79861/139065/3786/84189/5600/84631/342035/1630/6300/26280/3556/6714/7278/117157/3897/10381/347688",70
"Metabolism","Global and overview maps","hsa01250","Biosynthesis of nucleotide sugars","10/2057","37/9399",0.27027027027027,1.23493936328161,0.757879233418084,0.279709496753071,0.553097874935451,0.402555445817682,"5236/55586/64841/2645/80201/3099/10020/3101/7360/91373",10
"Environmental Information Processing","Signal transduction","hsa04066","HIF-1 signaling pathway","27/2057","110/9399",0.245454545454545,1.12154947628939,0.678723098096548,0.281950359693167,0.554396774677576,0.403500810442025,"4843/3479/816/5214/815/7018/285/3162/5296/5054/2027/6513/7010/5582/112399/3569/7099/229/1950/226/80201/3099/3101/5579/5604/5232/112398",27
"Human Diseases","Neurodegenerative disease","hsa05022","Pathways of neurodegeneration - multiple diseases","110/2057","480/9399",0.229166666666667,1.0471256684492,0.560980462668424,0.304538758770686,0.593564346800403,0.432007735114879,"4843/5606/816/9627/815/5743/7479/113457/779/7481/50507/3710/5332/27121/4741/10382/147700/2906/8701/7472/6804/22943/11211/10297/1768/7475/2891/847/1769/3553/5582/7186/91860/84701/1131/5630/3569/7222/6531/774/29982/775/112714/2911/7345/89780/143471/7476/27123/3798/5603/1339/55567/65018/84134/5710/125965/8878/2905/54361/493869/5579/89832/1128/8313/2915/5604/163688/170712/260334/6712/201625/64837/1139/8851/2902/810/79861/2535/23236/2903/5413/5600/56901/127602/51079/4137/8632/6300/8326/120892/441925/487/7278/6262/4541/4519/4536/4540/4512/4537/4538/4535/4508/100506742/4539/4509/10381/347688/4747",110
"Organismal Systems","Development and regeneration","hsa04380","Osteoclast differentiation","34/2057","142/9399",0.23943661971831,1.09405191479455,0.597729042907625,0.305261664068778,0.593564346800403,0.432007735114879,"799/2213/29760/54209/3710/10326/10859/11024/10990/5296/2274/8600/3553/2354/7186/814/5603/8878/2215/4982/5604/2353/3726/8061/3725/1436/9021/5600/353514/6300/487/2214/23547/11027",34
"Metabolism","Metabolism of other amino acids","hsa00430","Taurine and hypotaurine metabolism","5/2057","17/9399",0.294117647058824,1.34390460121822,0.751177219598299,0.308471599025177,0.596492042313877,0.434138569142732,"2328/2326/2687/2571/339896",5
"Human Diseases","Cancer: overview","hsa05231","Choline metabolism in cancer","24/2057","99/9399",0.242424242424242,1.10770318645866,0.570206746534287,0.320714572028212,0.615843890590564,0.448223222625313,"1120/8605/5296/1119/5159/60482/5582/5156/204962/1950/8612/9162/283748/8613/5579/255189/5604/2353/6580/3725/123745/6583/5154/139189",24
"Human Diseases","Cancer: overview","hsa05203","Viral carcinogenesis","48/2057","205/9399",0.234146341463415,1.06987917521373,0.535426827012728,0.321998377080209,0.615843890590564,0.448223222625313,"85477/5315/5933/7188/898/5296/2648/991/1959/11317/8970/7186/3572/890/255626/245972/1030/1029/1111/90993/8365/79885/983/9134/3725/1960/1237/23513/1232/8340/128312/6714/440689/2968/8341/8370/8362/8342/8339/8344/8348/8345/8294/8367/8360/8343/8359/8366",48
"Environmental Information Processing","Signal transduction","hsa04370","VEGF signaling pathway","15/2057","60/9399",0.25,1.14231891103549,0.585350138767177,0.32562447245644,0.619394376955184,0.450807336009488,"5743/8605/5296/3315/5582/5603/283748/5579/255189/5604/8877/5600/123745/6300/6714",15
"Human Diseases","Drug resistance: antineoplastic","hsa01523","Antifolate resistance","8/2057","30/9399",0.266666666666667,1.21847350510452,0.634366821268497,0.32749783379819,0.619590496374955,0.45095007555711,"2348/2352/10057/10257/3553/3569/7298/6470",8
"Environmental Information Processing","Signal transduction","hsa04022","cGMP-PKG signaling pathway","39/2057","166/9399",0.234939759036145,1.07350451880443,0.505736549522425,0.335374178989413,0.631080444334917,0.459312684297895,"477/153/779/3710/4776/85366/5332/6543/148/4879/91860/480/1910/7225/486/185/775/114/90993/134/624/5604/154/163688/147/27094/146/112/810/23236/6546/152/5138/487/4624/1259/4207/157855/151",39
"Human Diseases","Infectious disease: parasitic","hsa05140","Leishmaniasis","19/2057","78/9399",0.243589743589744,1.1130286825474,0.530557415538922,0.339360140743714,0.635166038825133,0.462286259836638,"4843/5743/1917/3553/3586/7099/5603/2215/5579/3592/2353/4615/3725/3654/5600/6300/1378/2214/3112",19
"Organismal Systems","Endocrine system","hsa04927","Cortisol synthesis and secretion","16/2057","65/9399",0.246153846153846,1.12474477394263,0.534161787453791,0.341982651443582,0.636669829815179,0.463380748316612,"8913/779/3710/8911/5332/3164/3949/2516/185/1586/775/114/90993/190/112/23236",16
"Organismal Systems","Endocrine system","hsa04920","Adipocytokine signaling pathway","17/2057","70/9399",0.242857142857143,1.10968122786305,0.487518895810448,0.357250625820388,0.661575233000718,0.48150738762759,"2182/32/5106/10891/6513/5105/7186/81616/2538/6258/2180/5563/23305/3952/9370/9021/1375",17
"Organismal Systems","Endocrine system","hsa04914","Progesterone-mediated oocyte maturation","26/2057","110/9399",0.236363636363636,1.08001060679719,0.446773187213755,0.363351329733125,0.669331396876809,0.487152475320865,"3479/27330/3835/6790/994/5296/22849/9088/891/890/114/5603/9133/995/245711/993/4085/5347/5604/699/983/112/5600/6300/441273/441272",26
"Organismal Systems","Endocrine system","hsa04614","Renin-angiotensin system","6/2057","23/9399",0.260869565217391,1.19198495064573,0.487921528948356,0.389782392301311,0.714260928300831,0.519853066612936,"2028/5972/185/1636/3816/3817",6
"Human Diseases","Cancer: specific types","hsa05225","Hepatocellular carcinoma","39/2057","170/9399",0.229411764705882,1.04824558895021,0.335994699454825,0.398116861102952,0.725733861385589,0.528203291594925,"1870/8193/3082/7479/51412/6604/7481/4616/3162/1869/5296/7472/11211/10297/7475/5582/10912/2944/2949/4609/51176/1029/53358/89780/7476/54361/7015/5579/3481/8313/5604/2941/2535/1728/399694/8326/7296/8110/2939",39
"Organismal Systems","Immune system","hsa04611","Platelet activation","29/2057","126/9399",0.23015873015873,1.05165868000093,0.308991208915127,0.413153793153888,0.746850458890268,0.543572364064496,"6915/51206/3710/85366/5332/8605/5296/1277/7450/9002/114/5603/283748/5739/11093/3673/1278/255189/64805/2266/2243/2244/112/2814/23236/5600/123745/6300/6714",29
"Metabolism","Lipid metabolism","hsa00062","Fatty acid elongation","7/2057","28/9399",0.25,1.14231891103549,0.399186949776439,0.416102398524578,0.746850458890268,0.543572364064496,"6785/10965/83401/1892/79993/10449/284486",7
"Metabolism","Glycan biosynthesis and metabolism","hsa00601","Glycosphingolipid biosynthesis - lacto and neolacto series","7/2057","28/9399",0.25,1.14231891103549,0.399186949776439,0.416102398524578,0.746850458890268,0.543572364064496,"10402/124872/8708/79369/84002/2524/10331",7
"Metabolism","Glycan biosynthesis and metabolism","hsa00604","Glycosphingolipid biosynthesis - ganglio series","4/2057","15/9399",0.266666666666667,1.21847350510452,0.448206429801186,0.423051138907292,0.751613698566254,0.547039143016642,"29906/81849/2583/27090",4
"Metabolism","Metabolism of cofactors and vitamins","hsa00730","Thiamine metabolism","4/2057","15/9399",0.266666666666667,1.21847350510452,0.448206429801186,0.423051138907292,0.751613698566254,0.547039143016642,"249/251/248/158067",4
"Organismal Systems","Immune system","hsa04640","Hematopoietic cell lineage","23/2057","100/9399",0.23,1.05093339815265,0.271026779428912,0.432024812158354,0.761900344589152,0.554525965084435,"3675/920/4254/2323/3568/3655/3589/1791/1440/2322/3553/3569/912/3673/929/947/2814/1436/3563/1378/3112/927/100133941",23
"Metabolism","Glycan biosynthesis and metabolism","hsa00534","Glycosaminoglycan biosynthesis - heparan sulfate / heparin","6/2057","24/9399",0.25,1.14231891103549,0.369496450527215,0.433194767352118,0.761900344589152,0.554525965084435,"9953/9955/2134/9348/90161/222537",6
"Cellular Processes","Cell growth and death","hsa04216","Ferroptosis","10/2057","42/9399",0.238095238095238,1.08792277241475,0.302263272879693,0.440499902079133,0.770874828638484,0.561057770016581,"1356/2182/7018/3162/23516/55240/23657/2180/246/23305",10
"Environmental Information Processing","Signal transduction","hsa04668","TNF signaling pathway","27/2057","119/9399",0.226890756302521,1.03672640665406,0.213405499625905,0.451440043369468,0.786089627757781,0.572131398247768,"6401/5606/5743/2920/7188/4318/5296/6347/6364/8809/3553/7186/79651/3569/4314/5603/4323/90993/6374/2277/5604/2353/3726/3725/9021/5600/6300",27
"Metabolism","Carbohydrate metabolism","hsa00520","Amino sugar and nucleotide sugar metabolism","9/2057","38/9399",0.236842105263158,1.08219686308625,0.268728418019359,0.456646492744168,0.787321539214084,0.573028007488145,"5236/64841/2645/80201/3099/10020/3101/7360/91373",9
"Metabolism","Metabolism of cofactors and vitamins","hsa00760","Nicotinate and nicotinamide metabolism","9/2057","38/9399",0.236842105263158,1.08219686308625,0.268728418019359,0.456646492744168,0.787321539214084,0.573028007488145,"10135/316/284958/133686/23057/4837/93034/554235/56953",9
"Organismal Systems","Endocrine system","hsa04915","Estrogen signaling pathway","31/2057","139/9399",0.223021582733813,1.0190470861036,0.119745203930821,0.485928153600197,0.83370026352975,0.606783349696841,"2775/2099/3710/4318/5332/5296/25984/3762/3872/91860/9568/53358/2911/114/3763/90993/7031/3765/5604/163688/2353/54474/112/3725/810/23236/399694/3859/9687/390792/6714",31
"Environmental Information Processing","Signal transduction","hsa04371","Apelin signaling pathway","31/2057","140/9399",0.221428571428571,1.01176817834572,0.074253835806127,0.503944425752771,0.858208140826481,0.624620661894763,"4843/4854/3710/85366/5332/5054/10891/6543/6696/1958/2792/91860/185/814/114/22808/5563/5346/2786/5604/163688/8862/112/8877/810/23236/6546/441925/6262/4207/100506013",31
"Genetic Information Processing","Replication and repair","hsa03410","Base excision repair","10/2057","44/9399",0.227272727272727,1.03847173730499,0.135386049846761,0.505116791457872,0.858208140826481,0.624620661894763,"5424/5427/3978/55247/5111/4595/5983/5984/2237/11232",10
"Metabolism","Metabolism of other amino acids","hsa00450","Selenocompound metabolism","4/2057","17/9399",0.235294117647059,1.07512368097458,0.164089685338827,0.528823499275739,0.894146013268158,0.650776948002689,"51540/883/7296/11185",4
"Human Diseases","Cardiovascular disease","hsa05418","Fluid shear stress and atherosclerosis","31/2057","142/9399",0.21830985915493,0.99751792231268,-0.0157743723102805,0.539631143236316,0.908033173714955,0.660884294854193,"6401/3162/4318/5296/6347/59341/9181/1843/6385/652/3553/91860/445/2944/2949/658/5603/8878/5563/163688/2353/2941/3725/810/7056/1728/5600/6300/6714/5154/2939",31
"Environmental Information Processing","Signal transduction","hsa04068","FoxO signaling pathway","29/2057","133/9399",0.218045112781955,0.996308223158772,-0.0226956585909119,0.543462862940779,0.910105272867334,0.662392409124496,"3479/9454/4616/5106/5296/6446/847/5105/10912/2538/891/3569/3586/1950/23710/10733/1030/2308/2911/5603/114907/9133/5563/5347/5604/1263/5600/6300/100132074",29
"Metabolism","Lipid metabolism","hsa01040","Biosynthesis of unsaturated fatty acids","6/2057","27/9399",0.222222222222222,1.0153945875871,0.0423995724338348,0.558328120076721,0.930546866794534,0.677270200794819,"30/6342/6785/10965/83401/79993",6
"Human Diseases","Neurodegenerative disease","hsa05010","Alzheimer disease","84/2057","388/9399",0.216494845360825,0.989224623989495,-0.114733298128765,0.566283991674721,0.939333635479396,0.683665382815079,"4843/5743/7479/113457/779/7481/50507/3710/5332/27121/23516/10382/147700/2906/5296/7472/22943/11211/10297/7475/3553/7186/91860/84701/1131/3569/283375/27173/55630/29982/775/112714/89780/143471/7476/27123/3798/1339/5710/125965/2905/54361/29986/89832/1128/8313/2915/5604/163688/170712/260334/64837/1139/4023/8851/2902/810/79861/2535/25825/23236/2903/56901/51079/4137/8326/441925/487/57181/7278/4541/4519/4536/4540/4512/4537/4538/4535/4508/100506742/4539/4509/10381/347688",84
"Human Diseases","Cancer: specific types","hsa05216","Thyroid cancer","8/2057","37/9399",0.216216216216216,0.987951490625287,-0.0388666884986511,0.579878206600403,0.957346095802552,0.696775203561557,"4616/7849/10912/4609/51176/6258/5979/5604",8
"Human Diseases","Drug resistance: antineoplastic","hsa01521","EGFR tyrosine kinase inhibitor resistance","17/2057","80/9399",0.2125,0.970971074380165,-0.138012675876837,0.598714543047512,0.983803239749433,0.716031230133422,"3479/3082/5296/5159/5582/5156/3569/1950/53358/3084/9542/5579/558/5604/399694/6714/5154",17
"Human Diseases","Infectious disease: viral","hsa05171","Coronavirus disease","51/2057","239/9399",0.213389121338912,0.975033714858743,-0.206934459034473,0.607596172529947,0.993732057876082,0.723257618063194,"732/729/5296/1440/6347/7450/4939/730/735/2162/6204/3553/5582/5648/3572/3569/7099/185/4314/6156/5603/731/714/715/1636/6132/200916/116832/7098/4153/140801/5579/3592/2353/2266/2243/2244/4615/713/6403/3725/716/7113/3654/5600/6300/4312/728/6173/9641/6139",51
"Human Diseases","Cardiovascular disease","hsa05417","Lipid and atherosclerosis","46/2057","216/9399",0.212962962962963,0.973086479770972,-0.211803321173593,0.610745332904144,0.994236588448607,0.723624825276881,"6401/5606/816/815/2920/4318/5332/29108/5296/6347/337/335/3553/7186/91860/3949/1573/3569/7099/25833/1559/1558/6258/7436/4314/23643/5603/3592/163688/2353/929/4615/4973/6403/3725/810/23236/3654/5600/6300/4312/6714/1555/1548/9641/6348",46
"Metabolism","Glycan biosynthesis and metabolism","hsa00533","Glycosaminoglycan biosynthesis - keratan sulfate","3/2057","14/9399",0.214285714285714,0.979130495173276,-0.0413605876046912,0.620142018729793,0.999999999999999,0.72781954887218,"10164/8534/4166",3
NA,NA,"hsa03272","Virion - Hepatitis viruses","10/2057","48/9399",0.208333333333333,0.951932425862907,-0.176714209010674,0.62624836124464,0.999999999999999,0.72781954887218,"51208/6554/24146/975/4072/3949/9073/149461/1364/100288814",10
"Human Diseases","Neurodegenerative disease","hsa05020","Prion disease","58/2057","275/9399",0.210909090909091,0.96370177221903,-0.323360379858786,0.650330855421076,0.999999999999999,0.72781954887218,"732/729/113457/779/3710/10382/147700/2906/5296/730/735/116444/1958/3553/84701/3915/3569/774/4684/775/112714/143471/3798/5603/1339/731/90993/714/5710/125965/2905/170712/260334/713/64837/2902/79861/2903/5600/56901/51079/6300/7278/6262/4541/4519/4536/4540/4512/4537/4538/4535/4508/100506742/4539/4509/10381/347688",58
"Human Diseases","Cardiovascular disease","hsa05415","Diabetic cardiomyopathy","43/2057","205/9399",0.209756097560976,0.958433427795629,-0.318490563134323,0.652043033894939,0.999999999999999,0.72781954887218,"5166/816/51660/815/4318/5332/5296/1277/2998/6513/5582/7137/84701/5972/185/5603/1339/1376/1636/2539/125965/1278/5579/170712/23236/5600/56901/51079/6300/487/6262/4541/4519/4536/4540/4512/4537/4538/4535/4508/1375/4539/4509",43
"Environmental Information Processing","Signal transduction","hsa04630","JAK-STAT signaling pathway","35/2057","168/9399",0.208333333333333,0.951932425862907,-0.332743933516288,0.66007627771646,0.999999999999999,0.72781954887218,"2273/3568/3589/3560/5296/1440/2690/3977/5159/1154/8835/3598/3572/5156/3569/3586/4609/5292/316/1950/29949/4170/85480/133396/3592/9306/3952/282618/9021/3563/246778/5154/386653/64109/30837",35
"Organismal Systems","Endocrine system","hsa04923","Regulation of lipolysis in adipocytes","12/2057","59/9399",0.203389830508475,0.929344198808533,-0.288156266911623,0.663334775867696,0.999999999999999,0.72781954887218,"153/5743/5296/114/134/4886/364/5346/154/2167/112/11145",12
"Metabolism","Glycan biosynthesis and metabolism","hsa00541","Biosynthesis of various nucleotide sugars","4/2057","20/9399",0.2,0.913855128828391,-0.204123888003826,0.666869573443224,0.999999999999999,0.72781954887218,"10020/7360/91373/606495",4
"Cellular Processes","Transport and catabolism","hsa04145","Phagocytosis","54/2057","259/9399",0.208494208494208,0.952667508817241,-0.408849831352875,0.682447471534241,0.999999999999999,0.72781954887218,"1080/4353/8685/2213/113457/2219/4069/4318/10382/10332/5296/1311/50617/7060/525/78989/83658/7099/7057/23710/8547/245973/91937/245972/3934/112714/528/81035/1780/2220/249/2215/251/248/213/3673/4153/929/566/260334/4973/79861/527/2204/441925/26052/7278/1378/2214/1668/3112/10381/4360/347688",54
"Cellular Processes","Cell motility","hsa04810","Regulation of actin cytoskeleton","48/2057","232/9399",0.206896551724138,0.945367374650059,-0.445974599079658,0.697008646292267,0.999999999999999,0.72781954887218,"3675/85477/732/3645/729/27006/2249/5063/3655/623/85366/57144/2245/5296/3984/6387/730/735/5159/10297/8074/3691/1131/5156/22801/56924/1950/81624/3680/2846/55740/3681/731/22808/8822/9965/3673/1073/624/1128/5604/375189/1132/1129/128239/2248/6714/5154",48
"Metabolism","Glycan biosynthesis and metabolism","hsa00512","Mucin type O-glycan biosynthesis","7/2057","36/9399",0.194444444444444,0.888470264138713,-0.354864118378751,0.701559979058894,0.999999999999999,0.72781954887218,"55808/10610/27090/9245/114805/55568/10331",7
"Organismal Systems","Immune system","hsa04620","Toll-like receptor signaling pathway","22/2057","109/9399",0.201834862385321,0.922239120835991,-0.432209422052803,0.703092312422066,0.999999999999999,0.72781954887218,"5606/5296/6696/3553/3569/7099/23643/5603/7098/3592/5604/2353/929/4615/3725/3654/5600/6300/54106/9641/6351/6348",22
"Human Diseases","Endocrine and metabolic disease","hsa04931","Insulin resistance","22/2057","109/9399",0.201834862385321,0.922239120835991,-0.432209422052803,0.703092312422066,0.999999999999999,0.72781954887218,"27330/32/10998/5106/5834/5296/10891/2998/28965/6513/5105/2538/3569/11001/2308/90993/5563/6514/5579/79660/9021/1375",22
"Metabolism","Global and overview maps","hsa01232","Nucleotide metabolism","17/2057","85/9399",0.2,0.913855128828391,-0.422277992266968,0.704216597371895,0.999999999999999,0.72781954887218,"954/270/129607/7371/284958/132/7498/978/158067/7083/956/1841/6241/7298/93034/56953/4830",17
"Human Diseases","Infectious disease: bacterial","hsa05120","Epithelial cell signaling in Helicobacter pylori infection","14/2057","71/9399",0.197183098591549,0.900983929830808,-0.443269926221202,0.715358730503202,0.999999999999999,0.72781954887218,"2920/50617/525/245973/245972/528/5603/3577/3725/3579/5600/527/6300/6714",14
"Environmental Information Processing","Signal transduction","hsa04064","NF-kappa B signaling pathway","21/2057","105/9399",0.2,0.913855128828391,-0.469840464752645,0.716954169162064,0.999999999999999,0.72781954887218,"5743/2920/7188/29760/4616/6387/8600/3553/7186/10912/60401/7099/23643/5579/929/4615/6357/3654/128178/27040/6351",21
"Environmental Information Processing","Signal transduction","hsa04012","ErbB signaling pathway","17/2057","86/9399",0.197674418604651,0.903228906400154,-0.477175073690088,0.723202600805362,0.999999999999999,0.72781954887218,"816/815/5063/57144/5296/5582/4609/56924/1950/53358/3084/9542/5579/5604/3725/399694/6714",17
"Cellular Processes","Cell growth and death","hsa04217","Necroptosis","34/2057","168/9399",0.202380952380952,0.924734356552538,-0.521020390750627,0.727190027532269,0.999999999999999,0.72781954887218,"816/815/7188/55072/5834/29108/8605/3553/7186/2752/7099/90865/27005/2746/283748/8878/246/3015/7098/221613/255189/92815/8338/123745/3014/8329/8969/100526767/85235/8331/8332/3012/8335/8336",34
"Human Diseases","Cancer: overview","hsa05208","Chemical carcinogenesis - reactive oxygen species","46/2057","227/9399",0.202643171806167,0.925932509385594,-0.597910544882721,0.748961068515024,0.999999999999999,0.72781954887218,"3082/50507/3162/5296/2053/847/1571/84701/2944/2949/1950/1544/1646/1836/5603/1339/125965/5604/2353/170712/2941/253152/115019/3725/1728/5600/56901/51079/6300/8644/6714/1572/4541/4519/4536/4540/4512/4537/4538/4535/4508/4539/57412/65010/4509/2939",46
"Human Diseases","Infectious disease: parasitic","hsa05145","Toxoplasmosis","22/2057","112/9399",0.196428571428571,0.89753628724217,-0.577389727673802,0.752085842161707,0.999999999999999,0.72781954887218,"4843/5606/3909/2775/22798/3655/79444/3910/3949/3915/3586/7099/23643/5603/3592/4615/3654/5600/6300/3914/345611/3112",22
"Environmental Information Processing","Signal transduction","hsa04330","Notch signaling pathway","12/2057","63/9399",0.19047619047619,0.870338217931801,-0.546549517898178,0.753102677833014,0.999999999999999,0.72781954887218,"4854/10683/79816/2648/11317/54567/1840/23493/23462/171558/3714/388585",12
"Human Diseases","Cancer: specific types","hsa05223","Non-small cell lung cancer","14/2057","73/9399",0.191780821917808,0.876299438602567,-0.5615818603741,0.754865486195916,0.999999999999999,0.72781954887218,"1870/3082/4616/1869/5296/5582/10912/1950/6258/1029/3798/5979/5579/5604",14
"Environmental Information Processing","Signal transduction","hsa04152","AMPK signaling pathway","24/2057","122/9399",0.19672131147541,0.898873897208253,-0.595068667662175,0.756437773964559,0.999999999999999,0.72781954887218,"1080/3479/5214/5522/32/5106/23417/5296/10891/2998/5210/148/5208/5105/2538/890/2308/90993/5563/2203/28227/3952/9370/1375",24
"Organismal Systems","Immune system","hsa04666","Fc gamma R-mediated phagosome formation","19/2057","98/9399",0.193877551020408,0.88587997182344,-0.601087590446598,0.76202538690896,0.999999999999999,0.72781954887218,"85477/2213/8605/5296/3984/5582/8612/283748/8613/2215/1073/5579/255189/5604/8877/8398/123745/2214/27040",19
"Metabolism","Nucleotide metabolism","hsa00230","Purine metabolism","25/2057","128/9399",0.1953125,0.892436649246475,-0.648535409298549,0.772646608484974,0.999999999999999,0.72781954887218,"954/2984/5236/2986/5143/270/50940/3000/5145/284958/55821/5137/114/132/7498/158067/956/27115/6241/112/93034/5148/5138/56953/4830",25
"Human Diseases","Cancer: specific types","hsa05213","Endometrial cancer","11/2057","59/9399",0.186440677966102,0.851898848907822,-0.604002418830264,0.773117285090284,0.999999999999999,0.72781954887218,"1496/4616/5296/10297/10912/4609/51176/1950/8313/5604/29119",11
"Metabolism","Metabolism of cofactors and vitamins","hsa00130","Ubiquinone and other terpenoid-quinone biosynthesis","2/2057","12/9399",0.166666666666667,0.761545940690326,-0.437481417097375,0.775028321959638,0.999999999999999,0.72781954887218,"1728/6898",2
"Human Diseases","Infectious disease: viral","hsa05161","Hepatitis B","32/2057","163/9399",0.196319018404908,0.897035709279402,-0.701885302469174,0.785557058142359,0.999999999999999,0.72781954887218,"1870/5606/332/6554/4776/4318/1869/898/5296/1959/5582/5111/3569/7099/4609/890/5603/90993/7098/5579/5604/2353/4615/9134/3725/1960/3654/5600/6300/6714/100506742/9641",32
"Human Diseases","Cancer: overview","hsa05235","PD-L1 expression and PD-1 checkpoint pathway in cancer","17/2057","90/9399",0.188888888888889,0.863085399449036,-0.690791809083543,0.791326279873491,0.999999999999999,0.72781954887218,"920/5606/5296/29126/7099/1950/10538/5603/5604/2353/4615/3725/5600/6300/5133/27040/54106",17
"Human Diseases","Cancer: overview","hsa05205","Proteoglycans in cancer","40/2057","204/9399",0.196078431372549,0.895936400812148,-0.79536364400676,0.809931757418402,0.999999999999999,0.72781954887218,"1634/3479/3082/816/815/7479/7481/2099/3710/4318/5296/7472/1277/11211/7475/6385/5582/3236/7099/4609/7057/2719/288/89780/7476/5603/22808/54361/3549/3673/1278/5579/3481/5604/60495/2535/5600/6300/8326/6714",40
"Human Diseases","Infectious disease: bacterial","hsa05134","Legionellosis","10/2057","56/9399",0.178571428571429,0.815942079311063,-0.731194686306794,0.812580252168297,0.999999999999999,0.72781954887218,"2920/1917/29108/3553/3569/7099/3592/929/4615/1378",10
"Genetic Information Processing","Replication and repair","hsa03450","Non-homologous end-joining","2/2057","13/9399",0.153846153846154,0.702965483714147,-0.567238886560414,0.813019798410104,0.999999999999999,0.72781954887218,"1791/2237",2
"Human Diseases","Infectious disease: bacterial","hsa05110","Vibrio cholerae infection","9/2057","51/9399",0.176470588235294,0.806342760730933,-0.733984939262635,0.81549568340628,0.999999999999999,0.72781954887218,"1080/11015/50617/525/9414/245973/245972/528/527",9
"Metabolism","Carbohydrate metabolism","hsa00020","Citrate cycle (TCA cycle)","5/2057","30/9399",0.166666666666667,0.761545940690326,-0.692383012532705,0.817807607783742,0.999999999999999,0.72781954887218,"5106/5105/47/8801/55753",5
"Metabolism","Glycan biosynthesis and metabolism","hsa00563","Glycosylphosphatidylinositol (GPI)-anchor biosynthesis","5/2057","30/9399",0.166666666666667,0.761545940690326,-0.692383012532705,0.817807607783742,0.999999999999999,0.72781954887218,"128869/80235/5279/84302/8733",5
"Metabolism","Glycan biosynthesis and metabolism","hsa00531","Glycosaminoglycan degradation","3/2057","19/9399",0.157894736842105,0.721464575390835,-0.643255480003622,0.819393882429736,0.999999999999999,0.72781954887218,"23553/3425/60495",3
"Human Diseases","Infectious disease: bacterial","hsa05152","Tuberculosis","35/2057","181/9399",0.193370165745856,0.883561588646234,-0.837230195300783,0.822765163352453,0.999999999999999,0.72781954887218,"4843/816/8625/815/2213/10332/50617/1594/3553/91860/3569/3586/7099/5993/245972/5603/2215/820/3592/163688/929/4615/1263/8877/810/3654/5600/527/6300/6714/1378/2214/54106/3112/4360",35
"Environmental Information Processing","Signal transduction","hsa04070","Phosphatidylinositol signaling system","18/2057","98/9399",0.183673469387755,0.839254710148522,-0.846669953524519,0.833648732586628,0.999999999999999,0.72781954887218,"9108/3710/5332/5296/84812/5582/91860/3706/5288/89869/9162/113026/1040/5579/163688/810/23236/139189",18
"Human Diseases","Neurodegenerative disease","hsa05012","Parkinson disease","52/2057","268/9399",0.194029850746269,0.886575871251424,-0.997106055369553,0.858697192446009,0.999999999999999,0.72781954887218,"816/9627/815/113457/3710/23516/10382/147700/1843/91860/84701/283375/2774/6531/27173/55630/112714/7345/143471/3798/1339/65018/5710/125965/29986/163688/170712/260334/64837/810/79861/7054/5413/56901/51079/4137/120892/57181/7278/4541/4519/4536/4540/4512/4537/4538/4535/4508/4539/4509/10381/347688",52
"Organismal Systems","Environmental adaptation","hsa04714","Thermogenesis","45/2057","235/9399",0.191489361702128,0.874967676537821,-1.0274042754861,0.866743045014729,0.999999999999999,0.72781954887218,"8193/5606/2182/27330/51412/6604/10891/2641/656/1268/4879/84701/63976/2180/114/5603/1339/1376/90993/125965/5563/23305/5346/388753/170712/112/353500/5600/56901/51079/6300/4541/4519/4536/4540/4512/4537/4538/4535/4508/116228/1375/8110/4539/4509",45
"Human Diseases","Immune disease","hsa05340","Primary immunodeficiency","6/2057","38/9399",0.157894736842105,0.721464575390835,-0.910623364531905,0.868454943046175,0.999999999999999,0.72781954887218,"920/8625/29760/5993/326/927",6
"Organismal Systems","Immune system","hsa04621","NOD-like receptor signaling pathway","35/2057","187/9399",0.18716577540107,0.85521201895705,-1.0585320864487,0.875727685738445,0.999999999999999,0.72781954887218,"2920/7188/55072/3710/5332/4210/29108/10135/6347/4939/2633/5585/3553/7186/3569/7099/23710/91662/5603/2634/118429/820/260434/4615/222545/3725/23236/5600/6300/100506742/388646/345611/1668/59082/9641",35
"Organismal Systems","Endocrine system","hsa04910","Insulin signaling pathway","25/2057","138/9399",0.181159420289855,0.827767326837311,-1.0788319987327,0.883275210231402,0.999999999999999,0.72781954887218,"5577/32/5106/5834/5296/2645/10891/2998/8835/5105/91860/2538/53358/2308/80201/3099/3101/5563/2203/5604/163688/79660/810/9021/399694",25
"Human Diseases","Infectious disease: bacterial","hsa05135","Yersinia infection","25/2057","138/9399",0.181159420289855,0.827767326837311,-1.0788319987327,0.883275210231402,0.999999999999999,0.72781954887218,"920/5606/27330/4210/29108/5296/3984/6347/5585/3553/7186/3569/3586/7099/5603/5604/2353/4615/3725/3654/5600/6300/6714/27040/927",25
"Organismal Systems","Immune system","hsa04658","Th1 and Th2 cell differentiation","16/2057","93/9399",0.172043010752688,0.78611193877711,-1.09717062144932,0.892007963674274,0.999999999999999,0.72781954887218,"920/4854/10683/3560/2625/11317/54567/5603/3592/2353/3725/3714/5600/6300/27040/3112",16
"Metabolism","Glycan biosynthesis and metabolism","hsa00603","Glycosphingolipid biosynthesis - globo and isoglobo series","2/2057","16/9399",0.125,0.571159455517744,-0.908683512290781,0.894830634559216,0.999999999999999,0.72781954887218,"2717/2524",2
"Metabolism","Carbohydrate metabolism","hsa00562","Inositol phosphate metabolism","13/2057","78/9399",0.166666666666667,0.761545940690326,-1.11930499923373,0.898853187443702,0.999999999999999,0.72781954887218,"9108/55586/5332/84812/4329/3706/5288/89869/9651/113026/138429/23236/27124",13
"Organismal Systems","Nervous system","hsa04722","Neurotrophin signaling pathway","21/2057","120/9399",0.175,0.799623237724842,-1.16927069884809,0.902480907591812,0.999999999999999,0.72781954887218,"816/4804/815/27330/7161/5296/91860/6272/53358/814/5603/5604/163688/3725/810/3654/5600/399694/4908/6300/398",21
"Human Diseases","Cancer: specific types","hsa05221","Acute myeloid leukemia","11/2057","68/9399",0.161764705882353,0.739147530670022,-1.14264938447759,0.905327461168786,0.999999999999999,0.72781954887218,"4353/5296/2322/4609/5292/51176/1848/890/5604/929/1436",11
"Environmental Information Processing","Signal transduction","hsa04392","Hippo signaling pathway - multiple species","4/2057","29/9399",0.137931034482759,0.630244916433373,-1.05553109852099,0.906309002784702,0.999999999999999,0.72781954887218,"8463/122786/79981/79633",4
NA,NA,"hsa03273","Virion - Lassa virus and SFTS virus","2/2057","17/9399",0.117647058823529,0.537561840487289,-1.01008538318012,0.913679175730757,0.999999999999999,0.72781954887218,"10332/5101",2
"Organismal Systems","Immune system","hsa04664","Fc epsilon RI signaling pathway","11/2057","69/9399",0.159420289855072,0.728435247616833,-1.19835308934767,0.914936916742019,0.999999999999999,0.72781954887218,"5606/8605/5296/5603/283748/255189/5604/5600/123745/6300/27040",11
"Organismal Systems","Immune system","hsa04062","Chemokine signaling pathway","35/2057","193/9399",0.181347150259067,0.828625116813308,-1.2732627012247,0.915691041661044,0.999999999999999,0.72781954887218,"10344/2920/5332/5296/6387/6347/6364/2792/6370/9547/53358/114/3577/6374/5473/5196/1230/5579/2786/5604/2829/10803/112/1237/3579/6357/23236/1232/2826/399694/6714/6368/6351/6359/6348",35
"Organismal Systems","Immune system","hsa04662","B cell receptor signaling pathway","15/2057","91/9399",0.164835164835165,0.753177303979443,-1.2522910499632,0.920054511033548,0.999999999999999,0.72781954887218,"2213/29760/10859/11024/10990/5296/975/640/5579/5604/2353/3725/353514/23547/11027",15
"Metabolism","Energy metabolism","hsa00190","Oxidative phosphorylation","24/2057","138/9399",0.173913043478261,0.794656633763818,-1.28623094651631,0.920813752508416,0.999999999999999,0.72781954887218,"495/50617/525/84701/245973/245972/528/1339/125965/170712/56901/527/51079/4541/4519/4536/4540/4512/4537/4538/4535/4508/4539/4509",24
"Human Diseases","Cancer: specific types","hsa05211","Renal cell carcinoma","11/2057","70/9399",0.157142857142857,0.718029029793736,-1.2533245544735,0.923710644526067,0.999999999999999,0.72781954887218,"3082/5063/57144/5296/6513/112399/56924/5604/9915/3725/112398",11
"Human Diseases","Infectious disease: bacterial","hsa05130","Pathogenic Escherichia coli infection","36/2057","200/9399",0.18,0.822469615945552,-1.34321352802545,0.926211911177671,0.999999999999999,0.72781954887218,"51208/113457/5063/29108/10382/24146/9181/3553/7186/4430/9826/3569/7099/10427/2846/112714/9073/5603/147945/149461/4640/2353/4615/260334/283446/3725/79861/3654/5600/6300/1364/6714/7278/100288814/10381/347688",36
"Metabolism","Glycan biosynthesis and metabolism","hsa00511","Other glycan degradation","2/2057","18/9399",0.111111111111111,0.50769729379355,-1.10655137913058,0.929319200777295,0.999999999999999,0.72781954887218,"2629/4758",2
"Organismal Systems","Digestive system","hsa04980","Cobalamin transport and metabolism","2/2057","18/9399",0.111111111111111,0.50769729379355,-1.10655137913058,0.929319200777295,0.999999999999999,0.72781954887218,"4594/166785",2
"Human Diseases","Cancer: specific types","hsa05210","Colorectal cancer","14/2057","87/9399",0.160919540229885,0.735285735838935,-1.31293480916965,0.929892276907486,0.999999999999999,0.72781954887218,"332/4436/4616/5296/10297/10912/4609/51176/1950/8313/5604/2353/3725/1630",14
"Human Diseases","Infectious disease: viral","hsa05167","Kaposi sarcoma-associated herpesvirus infection","35/2057","196/9399",0.178571428571429,0.815942079311063,-1.37830557323896,0.93138696796471,0.999999999999999,0.72781954887218,"1870/5743/2920/285/3710/4776/1869/5296/7186/2792/7538/91860/3572/3569/4609/51176/5603/1827/131450/1230/7098/2786/5604/163688/2353/3725/810/1237/1232/5600/6300/441925/6714/4277/9641",35
"Human Diseases","Immune disease","hsa05321","Inflammatory bowel disease","10/2057","66/9399",0.151515151515152,0.69231449153666,-1.32768807048341,0.935546002323875,0.999999999999999,0.72781954887218,"2625/112744/8809/3553/3569/3586/7099/3592/3725/3112",10
"Human Diseases","Endocrine and metabolic disease","hsa04940","Type I diabetes mellitus","6/2057","44/9399",0.136363636363636,0.623083042382994,-1.32641002425974,0.941508224135326,0.999999999999999,0.72781954887218,"5798/1363/3553/2571/3592/3112",6
"Organismal Systems","Excretory system","hsa04962","Vasopressin-regulated water reabsorption","6/2057","44/9399",0.136363636363636,0.623083042382994,-1.32641002425974,0.941508224135326,0.999999999999999,0.72781954887218,"554/90993/1780/360/112/398",6
"Cellular Processes","Cell growth and death","hsa04215","Apoptosis - multiple species","4/2057","32/9399",0.125,0.571159455517744,-1.28616961050669,0.941950819865507,0.999999999999999,0.72781954887218,"4804/332/79444/441925",4
"Organismal Systems","Immune system","hsa04672","Intestinal immune network for IgA production","7/2057","50/9399",0.14,0.639698590179874,-1.35206029655291,0.942845381132195,0.999999999999999,0.72781954887218,"6387/6370/3569/3586/10803/2826/3112",7
"Human Diseases","Infectious disease: viral","hsa05170","Human immunodeficiency virus 1 infection","38/2057","214/9399",0.177570093457944,0.811366703165394,-1.47745185500717,0.943585075423787,0.999999999999999,0.72781954887218,"920/5606/5063/7188/2775/3710/4776/57144/5296/3984/5582/7186/2792/200315/91860/10053/891/7099/56924/1111/5603/9133/995/1073/7465/5579/2786/5604/163688/983/2353/4615/3725/810/9582/3654/5600/6300",38
"Environmental Information Processing","Signal transduction","hsa04340","Hedgehog signaling pathway","8/2057","56/9399",0.142857142857143,0.652753663448851,-1.37948247581699,0.944690922474702,0.999999999999999,0.72781954887218,"57467/23288/2735/3549/64399/374654/57758/2619",8
"Environmental Information Processing","Signal transduction","hsa04150","mTOR signaling pathway","27/2057","158/9399",0.170886075949367,0.780825584758435,-1.47057301019355,0.944920944217732,0.999999999999999,0.72781954887218,"3479/57600/27330/7479/7481/9663/5296/7472/11211/7475/525/6446/5582/79899/245973/89780/7476/528/5563/54361/5579/5604/220441/2535/8326/652968/729438",27
"Human Diseases","Immune disease","hsa05332","Graft-versus-host disease","6/2057","45/9399",0.133333333333333,0.609236752552261,-1.39074965337034,0.949307671824672,0.999999999999999,0.72781954887218,"3802/3553/3824/3569/3811/3112",6
"Human Diseases","Neurodegenerative disease","hsa05017","Spinocerebellar ataxia","24/2057","144/9399",0.166666666666667,0.761545940690326,-1.52624913434689,0.951914748488147,0.999999999999999,0.72781954887218,"3710/5332/2906/5296/116444/2891/11317/5582/7186/7222/7436/29982/2911/143471/5710/2905/5579/3752/6712/2902/23236/2903/441925/487",24
"Human Diseases","Infectious disease: viral","hsa05163","Human cytomegalovirus infection","40/2057","227/9399",0.176211453744493,0.80515870381356,-1.57285827563641,0.953793759224349,0.999999999999999,0.72781954887218,"1870/5743/7188/2775/3710/4776/5332/1869/5296/6387/6347/5732/3553/5582/7186/2792/91860/9826/5156/3569/4609/1029/114/5603/90993/1230/5579/2786/5604/163688/112/810/3579/23236/1232/5600/6300/6714/6351/6348",40
"Environmental Information Processing","Signal transduction","hsa04071","Sphingolipid signaling pathway","20/2057","125/9399",0.16,0.731084103062713,-1.60201144008665,0.960532751701101,0.999999999999999,0.72781954887218,"5522/5332/5296/5582/7186/204219/5603/130367/134/166929/5579/28227/624/5604/8877/23236/5600/6300/165679/10715",20
"Organismal Systems","Immune system","hsa04659","Th17 cell differentiation","17/2057","109/9399",0.155963302752294,0.712639320645993,-1.59720407587394,0.961139378038588,0.999999999999999,0.72781954887218,"920/3560/2625/112744/3553/3572/3569/6258/5603/2353/3725/5600/6300/3556/246778/27040/3112",17
"Metabolism","Glycan biosynthesis and metabolism","hsa00532","Glycosaminoglycan biosynthesis - chondroitin sulfate / dermatan sulfate","2/2057","21/9399",0.0952380952380952,0.4351691089659,-1.37151527822397,0.96167437295622,0.999999999999999,0.72781954887218,"29940/56548",2
"Metabolism","Metabolism of other amino acids","hsa00480","Glutathione metabolism","8/2057","59/9399",0.135593220338983,0.619562799205689,-1.55154087458619,0.962756899801877,0.999999999999999,0.72781954887218,"2687/2944/2949/2539/493869/2941/6241/2939",8
"Human Diseases","Cancer: specific types","hsa05220","Chronic myeloid leukemia","11/2057","77/9399",0.142857142857143,0.652753663448851,-1.61940755861258,0.966062956603677,0.999999999999999,0.72781954887218,"1870/2122/4616/1869/5296/10912/4609/1029/53358/5604/399694",11
"Human Diseases","Infectious disease: bacterial","hsa05100","Bacterial invasion of epithelial cells","11/2057","78/9399",0.141025641025641,0.644385026737968,-1.66925913749128,0.969965099172356,0.999999999999999,0.72781954887218,"1496/8218/79658/55964/5296/26084/53358/29119/399694/6714/26052",11
"Genetic Information Processing","Chromosome","hsa03082","ATP-dependent chromatin remodeling","18/2057","117/9399",0.153846153846154,0.702965483714147,-1.71122353063404,0.97008890730978,0.999999999999999,0.72781954887218,"8193/51412/6604/6944/3015/221613/92815/8338/3014/8329/8969/8110/85235/8331/8332/3012/8335/8336",18
"Metabolism","Glycan biosynthesis and metabolism","hsa00514","Other types of O-glycan biosynthesis","6/2057","49/9399",0.122448979591837,0.559503140099015,-1.63629923580108,0.97196902833936,0.999999999999999,0.72781954887218,"8985/84620/114805/55568/727936/23127",6
"Genetic Information Processing","Information processing in viruses","hsa03250","Viral life cycle - HIV-1","10/2057","73/9399",0.136986301369863,0.625928170430405,-1.69822959241311,0.972670977739291,0.999999999999999,0.72781954887218,"920/2648/200315/80237/4131/9638/636/4130/9582/7936",10
"Human Diseases","Infectious disease: viral","hsa05166","Human T-cell leukemia virus 1 infection","38/2057","224/9399",0.169642857142857,0.77514497534551,-1.80281534359094,0.973048569547885,0.999999999999999,0.72781954887218,"1870/920/6929/3560/4776/1869/898/5296/2648/6513/991/1958/1959/1031/7538/9700/3569/4609/890/1030/1029/1111/114/701/9133/2114/90993/4487/4085/7015/9232/5604/2353/112/9134/8061/3725/3112",38
"Metabolism","Glycan biosynthesis and metabolism","hsa00515","Mannose type O-glycan biosynthesis","2/2057","23/9399",0.0869565217391304,0.397328316881909,-1.53166426895348,0.974736142623864,0.999999999999999,0.72781954887218,"9486/120071",2
"Metabolism","Metabolism of terpenoids and polyketides","hsa00900","Terpenoid backbone biosynthesis","2/2057","23/9399",0.0869565217391304,0.397328316881909,-1.53166426895348,0.974736142623864,0.999999999999999,0.72781954887218,"38/3158",2
"Organismal Systems","Aging","hsa04213","Longevity regulating pathway - multiple species","8/2057","62/9399",0.129032258064516,0.589583954082833,-1.71610625147667,0.975318443542433,0.999999999999999,0.72781954887218,"3479/5296/1410/847/2308/114/5563/112",8
"Human Diseases","Infectious disease: viral","hsa05164","Influenza A","28/2057","173/9399",0.161849710982659,0.739535942404478,-1.83017156866952,0.975947289652574,0.999999999999999,0.72781954887218,"5646/8106/29108/5296/6347/4939/5340/3553/91543/3569/7099/90865/56000/7098/5579/3592/5604/4615/3838/7113/9021/402569/642843/5644/3112/100529063/9641/5645",28
"Human Diseases","Neurodegenerative disease","hsa05016","Huntington disease","54/2057","308/9399",0.175324675324675,0.801106768778135,-1.87852599347397,0.976565360143249,0.999999999999999,0.72781954887218,"8218/113457/6507/5332/10382/147700/8701/6804/10891/1768/2891/1769/7186/84701/774/29982/112714/143471/3798/1339/90993/55567/5710/125965/493869/2915/170712/260334/201625/64837/2902/3766/79861/23236/56901/127602/51079/8632/441925/7278/4541/4519/4536/4540/4512/4537/4538/4535/4508/4539/246721/4509/10381/347688",54
"Genetic Information Processing","Replication and repair","hsa03420","Nucleotide excision repair","8/2057","63/9399",0.126984126984127,0.5802254786212,-1.76943088877837,0.97855267075012,0.999999999999999,0.72781954887218,"5424/5427/3978/5111/5983/5984/2968/246721",8
"Human Diseases","Drug resistance: antineoplastic","hsa01524","Platinum drug resistance","10/2057","75/9399",0.133333333333333,0.609236752552261,-1.7983361956348,0.978918491242449,0.999999999999999,0.72781954887218,"332/4436/5296/7153/2944/2949/1317/1029/2941/2939",10
"Human Diseases","Infectious disease: bacterial","hsa05132","Salmonella infection","42/2057","248/9399",0.169354838709677,0.773828939733718,-1.91054060746992,0.979095212316037,0.999999999999999,0.72781954887218,"5606/113457/5063/29108/10382/147700/26084/5585/3553/83658/7186/5420/3569/7099/4609/51176/5288/388/112714/23643/3798/5603/1780/5604/2353/929/4615/260334/64837/375189/3725/79861/302/3654/5600/113146/6300/6281/7278/54106/10381/347688",42
"Cellular Processes","Cell growth and death","hsa04210","Apoptosis","21/2057","137/9399",0.153284671532847,0.700399916255336,-1.86972399591473,0.979347357002304,0.999999999999999,0.72781954887218,"113457/332/3710/4616/5296/4001/63970/7186/10912/8739/1515/4170/112714/5604/2353/84823/3725/79861/3563/7278/100506742",21
"Organismal Systems","Immune system","hsa04670","Leukocyte transendothelial migration","17/2057","116/9399",0.146551724137931,0.669635223710459,-1.89498698639114,0.981500044751334,0.999999999999999,0.72781954887218,"1496/51208/4318/5296/24146/6387/5582/7070/9073/5603/149461/5579/29119/5600/6300/1364/100288814",17
"Human Diseases","Immune disease","hsa05310","Asthma","3/2057","32/9399",0.09375,0.428369591638308,-1.71442199002887,0.982079263500591,0.999999999999999,0.72781954887218,"3586/6037/3112",3
"Human Diseases","Neurodegenerative disease","hsa05014","Amyotrophic lateral sclerosis","65/2057","368/9399",0.176630434782609,0.807073143666378,-1.99837207367954,0.982284836058094,0.999999999999999,0.72781954887218,"4843/5606/113457/3710/4741/10382/147700/2906/8701/1768/2891/847/1769/7186/84701/5630/56000/29982/112714/143471/3798/5603/1339/3084/9542/55567/65018/84134/5710/125965/8878/2905/493869/170712/260334/201625/64837/375189/2902/79861/2903/5600/56901/127602/51079/8632/6300/441925/7278/4541/4519/4536/4540/4512/4537/4538/4535/4508/100506742/4539/283/4509/10381/347688/4747",65
"Organismal Systems","Immune system","hsa04660","T cell receptor signaling pathway","18/2057","122/9399",0.147540983606557,0.67415542290619,-1.91740700969625,0.982356484831254,0.999999999999999,0.72781954887218,"920/5522/5063/57144/5296/3586/56924/5603/1493/28227/5604/2353/3725/5600/6300/5133/27040/927",18
"Human Diseases","Cancer: specific types","hsa05212","Pancreatic cancer","10/2057","77/9399",0.12987012987013,0.593412421317137,-1.89614958849257,0.983833241423034,0.999999999999999,0.72781954887218,"1870/5888/4616/1869/5296/10912/1950/675/1029/5604",10
"Genetic Information Processing","Folding, sorting and degradation","hsa04130","SNARE interactions in vesicular transport","3/2057","33/9399",0.0909090909090909,0.415388694921996,-1.78063447984354,0.985212169535644,0.999999999999999,0.72781954887218,"6804/8676/6843",3
"Organismal Systems","Immune system","hsa04622","RIG-I-like receptor signaling pathway","9/2057","72/9399",0.125,0.571159455517744,-1.93338691362093,0.985877894135698,0.999999999999999,0.72781954887218,"54941/7186/26007/5603/3592/5600/6300/9755/9641",9
"Organismal Systems","Aging","hsa04211","Longevity regulating pathway","12/2057","90/9399",0.133333333333333,0.609236752552261,-1.97156511826732,0.986234155586064,0.999999999999999,0.72781954887218,"3479/5296/10891/847/2308/814/114/90993/5563/112/9370/10919",12
"Organismal Systems","Environmental adaptation","hsa04710","Circadian rhythm","3/2057","34/9399",0.0882352941176471,0.403171380365467,-1.84528259061304,0.987815813789858,0.999999999999999,0.72781954887218,"8553/5563/4783",3
"Organismal Systems","Immune system","hsa04650","Natural killer cell mediated cytotoxicity","19/2057","133/9399",0.142857142857143,0.652753663448851,-2.13474016449172,0.990277694854645,0.999999999999999,0.72781954887218,"5296/80329/51744/3802/5582/80328/3824/53358/2215/135250/5579/3811/5604/399694/9437/117157/2214/4277/27040",19
"Human Diseases","Infectious disease: viral","hsa05160","Hepatitis C","23/2057","156/9399",0.147435897435897,0.673675255226057,-2.175371857281,0.990950180478641,0.999999999999999,0.72781954887218,"1870/51208/5522/1869/5296/24146/975/4939/7186/3949/91543/4609/1950/9073/149461/7098/5604/9021/3434/1364/439996/100288814/9641",23
"Cellular Processes","Cellular community - eukaryotes","hsa04530","Tight junction","25/2057","170/9399",0.147058823529412,0.671952300609111,-2.2846086152546,0.993334903672331,0.999999999999999,0.72781954887218,"1080/51208/5522/113457/58538/54566/24146/8777/51421/9181/9414/5111/1740/112714/9073/912/5563/149461/3725/79861/23513/1364/6714/7278/100288814",25
"Metabolism","Glycan biosynthesis and metabolism","hsa00513","Various types of N-glycan biosynthesis","4/2057","45/9399",0.0888888888888889,0.40615783503484,-2.11351960675995,0.994080405082381,0.999999999999999,0.72781954887218,"4121/57134/200185/338707",4
"Genetic Information Processing","Translation","hsa03015","mRNA surveillance pathway","13/2057","103/9399",0.12621359223301,0.576704692949955,-2.28634458040884,0.99453518676057,0.999999999999999,0.72781954887218,"5522/8106/80336/4440/56000/5042/28227/642843/23708/7919/23381/132430/100529063",13
"Human Diseases","Cancer: overview","hsa05206","MicroRNAs in cancer","53/2057","323/9399",0.164086687306502,0.749757303837534,-2.42238464119268,0.994813136303051,0.999999999999999,0.72781954887218,"1870/1591/5743/4854/1789/3162/4318/994/1869/898/5296/2146/5159/10297/2744/7143/3925/1788/6659/5582/3236/1786/5156/27165/10253/4609/5292/7057/9493/4170/1944/113130/1029/8091/89780/995/10642/993/5579/7148/5604/9839/23414/9134/1946/399694/5154/406992/406913/131405/407014/619552/1945",53
"Human Diseases","Immune disease","hsa05330","Allograft rejection","3/2057","39/9399",0.0769230769230769,0.351482741857073,-2.14804607753104,0.995465968776685,0.999999999999999,0.72781954887218,"3586/3592/3112",3
"Human Diseases","Endocrine and metabolic disease","hsa04932","Non-alcoholic fatty liver disease","22/2057","157/9399",0.140127388535032,0.640280663510338,-2.40579326029129,0.995596335913058,0.999999999999999,0.72781954887218,"5296/3553/7186/1571/84701/3569/5603/1339/125965/5563/2353/170712/3952/3725/9370/9021/5600/56901/51079/6300/4519/4512",22
"Cellular Processes","Transport and catabolism","hsa04136","Autophagy - other","2/2057","32/9399",0.0625,0.285579727758872,-2.14267436955106,0.996359521812191,0.999999999999999,0.72781954887218,"23710/441925",2
"Human Diseases","Infectious disease: bacterial","hsa05131","Shigellosis","39/2057","253/9399",0.154150197628458,0.704354743563384,-2.52315106626554,0.996473834767552,0.999999999999999,0.72781954887218,"7188/55072/3710/55964/5332/29108/5296/84812/9181/3553/7186/7099/89869/2308/80201/5603/3099/3101/8878/113026/929/4615/375189/3725/23236/653604/5600/6300/441925/6714/8356/126961/100132074/8355/8353/8354/8357/8358/8352",39
"Human Diseases","Infectious disease: viral","hsa05162","Measles","18/2057","136/9399",0.132352941176471,0.6047570705482,-2.45745405987215,0.996510480914852,0.999999999999999,0.72781954887218,"2213/7161/3560/10332/898/5296/4939/3553/3569/7099/3592/2353/4615/9134/3725/3654/54106/9641",18
"Genetic Information Processing","Chromosome","hsa03083","Polycomb repressive complex","9/2057","83/9399",0.108433734939759,0.495463624063585,-2.44368073883259,0.997211981711765,0.999999999999999,0.72781954887218,"10389/2146/26147/80816/57332/221937/84733/9212/26013",9
"Metabolism","Glycan biosynthesis and metabolism","hsa00510","N-Glycan biosynthesis","5/2057","57/9399",0.087719298245614,0.400813652994908,-2.40163542796307,0.99758048373691,0.999999999999999,0.72781954887218,"4121/57134/4248/84620/200185",5
"Organismal Systems","Immune system","hsa04612","Antigen processing and presentation","8/2057","82/9399",0.0975609756097561,0.445782989672386,-2.66794213421682,0.998853366234885,0.999999999999999,0.72781954887218,"920/8625/3802/3824/5993/3811/3112/927",8
"Human Diseases","Cardiovascular disease","hsa05416","Viral myocarditis","6/2057","70/9399",0.0857142857142857,0.39165219806931,-2.70402742971012,0.99916215163194,0.999999999999999,0.72781954887218,"6445/6442/1837/4624/1756/3112",6
"Cellular Processes","Transport and catabolism","hsa04137","Mitophagy - animal","11/2057","105/9399",0.104761904761905,0.47868601986249,-2.84328479895135,0.999314624334808,0.999999999999999,0.72781954887218,"1869/7186/23710/22808/65018/84134/8878/10370/3725/441925/6714",11
"Genetic Information Processing","Folding, sorting and degradation","hsa03060","Protein export","1/2057","31/9399",0.032258064516129,0.147395988520708,-2.51670582120581,0.999533684287094,0.999999999999999,0.72781954887218,"164153",1
"Organismal Systems","Immune system","hsa04623","Cytosolic DNA-sensing pathway","7/2057","83/9399",0.0843373493975904,0.3853605964939,-2.97695576238233,0.999706252389135,0.999999999999999,0.72781954887218,"4210/29108/3553/3569/90865/9641/6351",7
"Human Diseases","Infectious disease: viral","hsa05169","Epstein-Barr virus infection","26/2057","205/9399",0.126829268292683,0.579517886574102,-3.2218096896343,0.999771114569394,0.999999999999999,0.72781954887218,"1870/5606/7188/29760/4616/1869/898/5296/4939/11317/7186/10912/3569/4609/890/5603/5710/956/4615/9134/3725/3654/5600/6300/3112/9641",26
"Genetic Information Processing","Transcription","hsa03020","RNA polymerase","1/2057","34/9399",0.0294117647058824,0.134390460121822,-2.67630298155586,0.999778368943542,0.999999999999999,0.72781954887218,"246721",1
"Human Diseases","Immune disease","hsa05320","Autoimmune thyroid disease","3/2057","54/9399",0.0555555555555556,0.253848646896775,-2.91046133448983,0.999798928633022,0.999999999999999,0.72781954887218,"3586/1493/3112",3
"Genetic Information Processing","Folding, sorting and degradation","hsa03018","RNA degradation","6/2057","78/9399",0.0769230769230769,0.351482741857073,-3.04414448313515,0.999806425117888,0.999999999999999,0.72781954887218,"5214/80336/2027/5042/54512/132430",6
"Genetic Information Processing","Folding, sorting and degradation","hsa03050","Proteasome","2/2057","46/9399",0.0434782608695652,0.198664158440955,-2.88367088602755,0.999842468212617,0.999999999999999,0.72781954887218,"143471/5710",2
"Human Diseases","Infectious disease: viral","hsa05168","Herpes simplex virus 1 infection","20/2057","180/9399",0.111111111111111,0.50769729379355,-3.52983369349114,0.999950307950344,0.999999999999999,0.72781954887218,"7188/5296/6347/5818/4939/3553/5199/7186/3569/25833/56000/7098/3592/4615/3654/9021/6714/54106/3112/9641",20
"Cellular Processes","Cellular community - eukaryotes","hsa04520","Adherens junction","7/2057","93/9399",0.0752688172043011,0.343923973214986,-3.36543955707558,0.999952487044029,0.999999999999999,0.72781954887218,"6591/1496/5818/51176/81607/29119/6714",7
"Genetic Information Processing","Transcription","hsa03022","Basal transcription factors","1/2057","44/9399",0.0227272727272727,0.103847173730499,-3.15365511689286,0.999981466802871,0.999999999999999,0.72781954887218,"2968",1
"Cellular Processes","Transport and catabolism","hsa04142","Lysosome biogenesis","29/2057","250/9399",0.116,0.530035974720467,-3.9863505014568,0.99999317045954,0.999999999999999,0.72781954887218,"55283/8218/26031/2717/8120/55353/50617/23553/135112/525/1486/206358/24141/3425/10053/6272/1515/245973/245972/528/11182/7098/2629/768239/527/1510/4758/54106/9907",29
"Genetic Information Processing","Translation","hsa03013","Nucleocytoplasmic transport","6/2057","108/9399",0.0555555555555556,0.253848646896775,-4.1279578555313,0.999999462524841,0.999999999999999,0.72781954887218,"1917/56000/3838/402569/7919/64901",6
"Genetic Information Processing","Folding, sorting and degradation","hsa04120","Ubiquitin mediated proteolysis","10/2057","142/9399",0.0704225352112676,0.321779974939574,-4.31029827883562,0.999999652615214,0.999999999999999,0.72781954887218,"9820/9886/79444/27338/991/55070/326/11065/148581/9021",10
"Genetic Information Processing","Folding, sorting and degradation","hsa04141","Protein processing in endoplasmic reticulum","11/2057","175/9399",0.0628571428571429,0.287211611917494,-5.03787826907902,0.99999999717376,0.999999999999999,0.72781954887218,"91319/1410/4121/57134/7186/10427/200185/6746/285126/133022/100506742",11
"Cellular Processes","Transport and catabolism","hsa04144","Endocytosis","21/2057","250/9399",0.084,0.383819154107924,-5.22659755190611,0.999999997741011,0.999999999999999,0.72781954887218,"30845/8218/3560/2348/2352/9829/3949/84440/23111/5156/11311/6457/3798/3577/138429/729092/3579/6714/26052/414189/100526767",21
"Cellular Processes","Transport and catabolism","hsa04140","Autophagy - animal","9/2057","169/9399",0.0532544378698225,0.243334205901051,-5.25380899288639,0.999999999634934,0.999999999999999,0.72781954887218,"23604/5296/23710/29982/22808/8878/5563/5604/441925",9
"Genetic Information Processing","Translation","hsa03008","Ribosome biogenesis in eukaryotes","7/2057","183/9399",0.0382513661202186,0.174781035568271,-5.96693336456762,0.999999999999572,0.999999999999999,0.72781954887218,"81691/6949/10171/56000/345630/124901859/109617016",7
"Genetic Information Processing","Transcription","hsa03040","Spliceosome","13/2057","243/9399",0.0534979423868313,0.244446845159858,-6.3160119675268,0.999999999999904,0.999999999999999,0.72781954887218,"6628/10262/6635/7919/26835/101954272/101954278/26834/124904627/103625684/124904634/649330/101447996",13
"Genetic Information Processing","Translation","hsa03010","Ribosome","9/2057","223/9399",0.0403587443946188,0.184410227790482,-6.52416860603105,0.999999999999996,0.999999999999999,0.72781954887218,"6204/6156/6132/200916/116832/140801/64978/6173/6139",9
"Organismal Systems","Sensory system","hsa04740","Olfactory transduction","37/2057","449/9399",0.0824053452115813,0.376532736822388,-7.16560696868677,0.999999999999999,0.999999999999999,0.72781954887218,"57101/816/815/6543/26212/91860/3000/347168/2774/5137/81285/282763/4992/163688/138881/341152/127623/810/143503/196335/79473/219874/6546/390083/5138/338755/390275/283159/7932/26716/442191/79295/343171/219865/387815/79290/26529",37
